file	last_edited	chars	path
0001-Symphony Kill Chord-769f1971.md	2026-07-27	38716	Symphony Kill Chord
0002-__基本情報__-0b2eb4e9.md	2026-06-28	3300	Symphony Kill Chord / **基本情報**
0003-重要リンク-eeac75d9.md	2026-09-21	447	Symphony Kill Chord / 重要リンク
0004-仕様書 ガイド-78235d82.md	2026-05-26	1876	Symphony Kill Chord / 仕様書 ガイド
0005-仕様書 ライティング規則-f79e2a99.md	2026-08-17	570	Symphony Kill Chord / 仕様書 ガイド / 仕様書 ライティング規則
0006-__基本情報__-564351d8.md	2026-04-01	198	Symphony Kill Chord / 仕様書 ガイド / **基本情報**
0007-役職-037aef57.md	2026-04-01	229	Symphony Kill Chord / 仕様書 ガイド / 役職
0008-マネジメント カテゴリーについて-261e4c4a.md	2026-03-31	166	Symphony Kill Chord / 仕様書 ガイド / マネジメント カテゴリーについて
0009-スケジュール-7b1bdb18.md	2026-03-31	146	Symphony Kill Chord / 仕様書 ガイド / スケジュール
0010-議事録-25ffaa59.md	2026-03-31	140	Symphony Kill Chord / 仕様書 ガイド / 議事録
0011-仕様検討フォーラム-53a806b8.md	2026-03-08	494	Symphony Kill Chord / 仕様書 ガイド / 仕様検討フォーラム
0012-ワークフロー-091ef6c4.md	2026-03-31	146	Symphony Kill Chord / 仕様書 ガイド / ワークフロー
0013-使用素材一覧表-f1d61724.md	2026-03-31	148	Symphony Kill Chord / 仕様書 ガイド / 使用素材一覧表
0014-システム カテゴリーについて-8bfb4b1c.md	2026-03-31	162	Symphony Kill Chord / 仕様書 ガイド / システム カテゴリーについて
0015-仕様概要-6111c957.md	2026-03-31	142	Symphony Kill Chord / 仕様書 ガイド / 仕様概要
0016-システム概要-aeb357ac.md	2026-03-31	146	Symphony Kill Chord / 仕様書 ガイド / システム概要
0017-マスターデータ-b71b75b5.md	2026-03-31	149	Symphony Kill Chord / 仕様書 ガイド / マスターデータ
0018-用語-e30dcd07.md	2026-03-31	138	Symphony Kill Chord / 仕様書 ガイド / 用語
0019-ビジュアル カテゴリーについて-264b4888.md	2026-03-31	164	Symphony Kill Chord / 仕様書 ガイド / ビジュアル カテゴリーについて
0020-デザイン-431d61b3.md	2026-03-31	142	Symphony Kill Chord / 仕様書 ガイド / デザイン
0021-トンマナ-81c79e7e.md	2026-03-31	142	Symphony Kill Chord / 仕様書 ガイド / トンマナ
0022-キャラクタービジュアル-803f2e66.md	2026-03-31	156	Symphony Kill Chord / 仕様書 ガイド / キャラクタービジュアル
0023-エフェクト-f6bedc17.md	2026-03-31	145	Symphony Kill Chord / 仕様書 ガイド / エフェクト
0024-ストーリー カテゴリーについて-197f8105.md	2026-03-31	336	Symphony Kill Chord / 仕様書 ガイド / ストーリー カテゴリーについて
0025-メインシナリオ-5981ded0.md	2026-03-31	227	Symphony Kill Chord / 仕様書 ガイド / メインシナリオ
0026-サイドシナリオ-99db7849.md	2026-03-31	243	Symphony Kill Chord / 仕様書 ガイド / サイドシナリオ
0027-背景設定-b829a299.md	2026-03-31	215	Symphony Kill Chord / 仕様書 ガイド / 背景設定
0028-世界観設定-a9d0469f.md	2026-03-31	185	Symphony Kill Chord / 仕様書 ガイド / 世界観設定
0029-キャラクター設定-5b071bc9.md	2026-03-31	207	Symphony Kill Chord / 仕様書 ガイド / キャラクター設定
0030-サウンド カテゴリーについて-f1e6220a.md	2026-03-31	162	Symphony Kill Chord / 仕様書 ガイド / サウンド カテゴリーについて
0031-__バックグラウンド ミュージック（BGM）__ -5bee4517.md	2026-03-31	184	Symphony Kill Chord / 仕様書 ガイド / **バックグラウンド ミュージック（BGM）** 
0032-__サウンドエフェクト（SE）__ -dfec48c3.md	2026-03-31	170	Symphony Kill Chord / 仕様書 ガイド / **サウンドエフェクト（SE）** 
0033-__キャラクターボイス__ -05d69b81.md	2026-03-31	162	Symphony Kill Chord / 仕様書 ガイド / **キャラクターボイス** 
0034-クレジット-5ca78df0.md	2026-08-27	4880	Symphony Kill Chord / クレジット
0035-スケジュール-1a06b078.md	2026-06-06	3175	Symphony Kill Chord / スケジュール
0036-タスク管理-1ece7323.md	2026-06-12	140354	Symphony Kill Chord / スケジュール / タスク管理
0037-スプリント管理-82f27067.md	2026-06-06	8747	Symphony Kill Chord / スケジュール / スプリント管理
0038-ステータスリスト-0631fe50.md	2026-09-01	1457	Symphony Kill Chord / ステータスリスト
0039-キャラモデラ―-0cb0b38d.md	2026-08-02	204	Symphony Kill Chord / ステータスリスト / キャラモデラ―
0040-背景モデラ―-0f3ccb75.md	2026-04-12	202	Symphony Kill Chord / ステータスリスト / 背景モデラ―
0041-2Dデザイナー-064a1b02.md	2026-06-06	204	Symphony Kill Chord / ステータスリスト / 2Dデザイナー
0042-UIデザイナー-c5383b02.md	2026-09-01	204	Symphony Kill Chord / ステータスリスト / UIデザイナー
0043-エフェクト-38c09d55.md	2026-06-26	200	Symphony Kill Chord / ステータスリスト / エフェクト
0044-BGM-6f3496d0.md	2026-04-12	196	Symphony Kill Chord / ステータスリスト / BGM
0045-SE-d0103820.md	2026-07-11	197	Symphony Kill Chord / ステータスリスト / SE
0046-インゲーム-299657c5.md	2026-07-11	200	Symphony Kill Chord / ステータスリスト / インゲーム
0047-アウトゲーム-0f7f3ca5.md	2026-04-14	202	Symphony Kill Chord / ステータスリスト / アウトゲーム
0048-Symphonyモデル-4574831e.md	2026-04-19	289	Symphony Kill Chord / ステータスリスト / Symphonyモデル
0049-シナリオライター募集-579cfd49.md	2026-04-19	953	Symphony Kill Chord / ステータスリスト / シナリオライター募集
0050-声優募集-de7fe146.md	2026-04-29	168	Symphony Kill Chord / ステータスリスト / 声優募集
0051-声優台本-63305dde.md	2026-04-23	166	Symphony Kill Chord / ステータスリスト / 声優台本
0052-企画書v3-bba00d6f.md	2026-04-25	169	Symphony Kill Chord / ステータスリスト / 企画書v3
0053-デザイナー新規募集-89cf9d65.md	2026-05-25	268	Symphony Kill Chord / ステータスリスト / デザイナー新規募集
0054-非エンジニア向けSourceTree手順書-0f82f0eb.md	2026-04-30	728	Symphony Kill Chord / ステータスリスト / 非エンジニア向けSourceTree手順書
0055-デザイナーホームルーム募集-a308047a.md	2026-05-26	633	Symphony Kill Chord / ステータスリスト / デザイナーホームルーム募集
0056-サウンドクリエイター募集-027132e6.md	2026-06-15	894	Symphony Kill Chord / ステータスリスト / サウンドクリエイター募集
0057-TGSホームページ-9bfa3799.md	2026-07-22	4314	Symphony Kill Chord / ステータスリスト / TGSホームページ
0058-管理用アセットリスト-8d4cf168.md	2026-04-13	11595	Symphony Kill Chord / ステータスリスト / 管理用アセットリスト
0059-ゲーム開始音-b0aa5301.md	2026-04-17	301	Symphony Kill Chord / ステータスリスト / 管理用アセットリスト / ゲーム開始音
0060-ウィンドウ変更音-df281c38.md	2026-05-08	310	Symphony Kill Chord / ステータスリスト / 管理用アセットリスト / ウィンドウ変更音
0061-足音-7bf39c53.md	2026-07-27	372	Symphony Kill Chord / ステータスリスト / 管理用アセットリスト / 足音
0062-被ダメージ音-0c8e37c5.md	2026-06-30	430	Symphony Kill Chord / ステータスリスト / 管理用アセットリスト / 被ダメージ音
0063-クリティカルヒット音-c15ac4a8.md	2026-06-30	716	Symphony Kill Chord / ステータスリスト / 管理用アセットリスト / クリティカルヒット音
0064-撃破音-6eb23b14.md	2026-06-30	287	Symphony Kill Chord / ステータスリスト / 管理用アセットリスト / 撃破音
0065-回避音-bb2aaf38.md	2026-06-30	399	Symphony Kill Chord / ステータスリスト / 管理用アセットリスト / 回避音
0066-スキル発動音-5da0f241.md	2026-06-10	341	Symphony Kill Chord / ステータスリスト / 管理用アセットリスト / スキル発動音
0067-ロックオン時音-8b53f429.md	2026-04-16	226	Symphony Kill Chord / ステータスリスト / 管理用アセットリスト / ロックオン時音
0068-攻撃ヒット音-00126e58.md	2026-06-30	612	Symphony Kill Chord / ステータスリスト / 管理用アセットリスト / 攻撃ヒット音
0069-決定ボタン音-f4122807.md	2026-04-16	268	Symphony Kill Chord / ステータスリスト / 管理用アセットリスト / 決定ボタン音
0070-キャンセルボタン音-1618d1ca.md	2026-04-16	275	Symphony Kill Chord / ステータスリスト / 管理用アセットリスト / キャンセルボタン音
0071-スキルのセット音-6729744f.md	2026-04-17	308	Symphony Kill Chord / ステータスリスト / 管理用アセットリスト / スキルのセット音
0072-クリック・タッチ音-0ac8bea7.md	2026-04-16	283	Symphony Kill Chord / ステータスリスト / 管理用アセットリスト / クリック・タッチ音
0073-銃声 バレット M82-39b84b33.md	2026-07-27	279	Symphony Kill Chord / ステータスリスト / 管理用アセットリスト / 銃声 バレット M82
0074-銃声 ウィンチェスターライフル M1892(ショットガン)-f7844974.md	2026-07-27	438	Symphony Kill Chord / ステータスリスト / 管理用アセットリスト / 銃声 ウィンチェスターライフル M1892(ショットガン)
0075-銃声 デザートイーグル-6b240790.md	2026-07-27	276	Symphony Kill Chord / ステータスリスト / 管理用アセットリスト / 銃声 デザートイーグル
0076-銃声 AK-74-7fe1228a.md	2026-07-27	278	Symphony Kill Chord / ステータスリスト / 管理用アセットリスト / 銃声 AK-74
0077-銃声 M9-c66a3c91.md	2026-07-27	264	Symphony Kill Chord / ステータスリスト / 管理用アセットリスト / 銃声 M9
0078-銃声 MP5-47b0a21d.md	2026-07-27	269	Symphony Kill Chord / ステータスリスト / 管理用アセットリスト / 銃声 MP5
0079-薬莢が落ちる音-9fe29eec.md	2026-07-27	543	Symphony Kill Chord / ステータスリスト / 管理用アセットリスト / 薬莢が落ちる音
0080-爆破音-2520e43b.md	2026-06-30	296	Symphony Kill Chord / ステータスリスト / 管理用アセットリスト / 爆破音
0081-銃火器アセット-7f317694.md	2026-06-15	256	Symphony Kill Chord / ステータスリスト / 管理用アセットリスト / 銃火器アセット
0082-環境音-d69a4907.md	2026-06-18	282	Symphony Kill Chord / ステータスリスト / 管理用アセットリスト / 環境音
0083-ノックバック-59a7f299.md	2026-04-17	352	Symphony Kill Chord / ステータスリスト / 管理用アセットリスト / ノックバック
0084-タイトルBGM-97f007ba.md	2026-07-27	351	Symphony Kill Chord / ステータスリスト / 管理用アセットリスト / タイトルBGM
0085-ホーム画面BGM-5c1c6569.md	2026-07-27	277	Symphony Kill Chord / ステータスリスト / 管理用アセットリスト / ホーム画面BGM
0086-戦闘音楽-2362a622.md	2026-07-27	753	Symphony Kill Chord / ステータスリスト / 管理用アセットリスト / 戦闘音楽
0087-スキルアイコン-bad97af8.md	2026-08-04	428	Symphony Kill Chord / ステータスリスト / 管理用アセットリスト / スキルアイコン
0088-ヴォロノフ-06f6a46a.md	2026-08-31	839	Symphony Kill Chord / ステータスリスト / 管理用アセットリスト / ヴォロノフ
0089-__カぺリメイステル研究開発部理事 ヴォロノフ__-9b07d8f1.md	2026-04-19	752	Symphony Kill Chord / ステータスリスト / 管理用アセットリスト / ヴォロノフ / **カぺリメイステル研究開発部理事 ヴォロノフ**
0090-14号(ボス)-f7b61c0f.md	2026-08-31	861	Symphony Kill Chord / ステータスリスト / 管理用アセットリスト / 14号(ボス)
0091-独立歩兵開発計画 被検体14号-5df13e7d.md	2026-04-20	650	Symphony Kill Chord / ステータスリスト / 管理用アセットリスト / 14号(ボス) / 独立歩兵開発計画 被検体14号
0092-Prelude（９号）-6b7c8e04.md	2026-08-31	533	Symphony Kill Chord / ステータスリスト / 管理用アセットリスト / Prelude（９号）
0093-Triad（１号）-ed1343b4.md	2026-08-31	668	Symphony Kill Chord / ステータスリスト / 管理用アセットリスト / Triad（１号）
0094-Triad-7584fbbe.md	2026-04-19	835	Symphony Kill Chord / ステータスリスト / 管理用アセットリスト / Triad（１号） / Triad
0095-ZeroDivide組織章-fc39cab9.md	2026-07-27	533	Symphony Kill Chord / ステータスリスト / 管理用アセットリスト / ZeroDivide組織章
0096-タイトルロゴ-ad0ce205.md	2026-07-27	719	Symphony Kill Chord / ステータスリスト / 管理用アセットリスト / タイトルロゴ
0097-アプリアイコン-8a5da7a1.md	2026-04-19	897	Symphony Kill Chord / ステータスリスト / 管理用アセットリスト / アプリアイコン
0098-TGS用キービジュアル-379f9b4f.md	2026-08-04	290	Symphony Kill Chord / ステータスリスト / 管理用アセットリスト / TGS用キービジュアル
0099-キャンプ 背景画-de7981b0.md	2026-08-20	587	Symphony Kill Chord / ステータスリスト / 管理用アセットリスト / キャンプ 背景画
0100-街中 背景画-c869711e.md	2026-07-27	600	Symphony Kill Chord / ステータスリスト / 管理用アセットリスト / 街中 背景画
0101-タイトル画面-0e6b80e1.md	2026-07-28	844	Symphony Kill Chord / ステータスリスト / 管理用アセットリスト / タイトル画面
0102-リボルバー-df2a8503.md	2026-08-04	753	Symphony Kill Chord / ステータスリスト / 管理用アセットリスト / リボルバー
0103-サブマシンガン-f56bf53c.md	2026-06-17	470	Symphony Kill Chord / ステータスリスト / 管理用アセットリスト / サブマシンガン
0104-ハンドガン-46a669f3.md	2026-07-27	508	Symphony Kill Chord / ステータスリスト / 管理用アセットリスト / ハンドガン
0105-レバーアクションライフル-e392fabb.md	2026-07-27	618	Symphony Kill Chord / ステータスリスト / 管理用アセットリスト / レバーアクションライフル
0106-大口径ライフル-339bb1ca.md	2026-07-27	436	Symphony Kill Chord / ステータスリスト / 管理用アセットリスト / 大口径ライフル
0107-アサルトライフル-17fee8e6.md	2026-07-27	579	Symphony Kill Chord / ステータスリスト / 管理用アセットリスト / アサルトライフル
0108-拳銃系スキル-63c707a0.md	2026-07-27	972	Symphony Kill Chord / ステータスリスト / 管理用アセットリスト / 拳銃系スキル
0109-戦闘時のIdle-5b5ead98.md	2026-06-26	831	Symphony Kill Chord / ステータスリスト / 管理用アセットリスト / 戦闘時のIdle
0110-ホーム画面時のIdle-f4e646c1.md	2026-07-06	347	Symphony Kill Chord / ステータスリスト / 管理用アセットリスト / ホーム画面時のIdle
0111-ライフル系スキル-581f0814.md	2026-07-27	891	Symphony Kill Chord / ステータスリスト / 管理用アセットリスト / ライフル系スキル
0112-プレイヤー移動-b070c344.md	2026-07-27	1348	Symphony Kill Chord / ステータスリスト / 管理用アセットリスト / プレイヤー移動
0113-プレイヤー回避-a5f91bef.md	2026-07-27	801	Symphony Kill Chord / ステータスリスト / 管理用アセットリスト / プレイヤー回避
0114-攻撃-41334e56.md	2026-07-27	580	Symphony Kill Chord / ステータスリスト / 管理用アセットリスト / 攻撃
0115-アセット-bbe3c75e.md	2026-08-11	244	Symphony Kill Chord / ステータスリスト / 管理用アセットリスト / アセット
0116-ボス(14号)-cdfe2568.md	2026-08-01	2167	Symphony Kill Chord / ステータスリスト / 管理用アセットリスト / ボス(14号)
0117-一般兵-63ba1e9c.md	2026-07-27	636	Symphony Kill Chord / ステータスリスト / 管理用アセットリスト / 一般兵
0118-グレネードランチャー-f5ccfa6a.md	2026-08-02	421	Symphony Kill Chord / ステータスリスト / 管理用アセットリスト / グレネードランチャー
0119-機関銃-28443ac2.md	2026-08-02	611	Symphony Kill Chord / ステータスリスト / 管理用アセットリスト / 機関銃
0120-設定ボタン-d4759d15.md	2026-09-01	324	Symphony Kill Chord / ステータスリスト / 管理用アセットリスト / 設定ボタン
0121-選択フレーム-24ac2818.md	2026-09-01	417	Symphony Kill Chord / ステータスリスト / 管理用アセットリスト / 選択フレーム
0122-クロスヘア-93d3d495.md	2026-07-29	268	Symphony Kill Chord / ステータスリスト / 管理用アセットリスト / クロスヘア
0123-ミッション用のウィンドウ-55e2542d.md	2026-04-12	360	Symphony Kill Chord / ステータスリスト / 管理用アセットリスト / ミッション用のウィンドウ
0124-体力バー（プレイヤー）-59ec1d9a.md	2026-07-27	281	Symphony Kill Chord / ステータスリスト / 管理用アセットリスト / 体力バー（プレイヤー）
0125-体力バー（敵）-e77305a0.md	2026-05-14	336	Symphony Kill Chord / ステータスリスト / 管理用アセットリスト / 体力バー（敵）
0126-コンボ数表記-280024ce.md	2026-04-12	329	Symphony Kill Chord / ステータスリスト / 管理用アセットリスト / コンボ数表記
0127-バフ・デバフ-a3f3be07.md	2026-04-12	614	Symphony Kill Chord / ステータスリスト / 管理用アセットリスト / バフ・デバフ
0128-コマンド履歴＆コマンド予測-3b93dc5b.md	2026-04-12	682	Symphony Kill Chord / ステータスリスト / 管理用アセットリスト / コマンド履歴＆コマンド予測
0129-ノード-03f810fa.md	2026-07-18	408	Symphony Kill Chord / ステータスリスト / 管理用アセットリスト / ノード
0130-攻撃対象-8524505c.md	2026-08-01	282	Symphony Kill Chord / ステータスリスト / 管理用アセットリスト / 攻撃対象
0131-機能一覧表示用ボタン-d6267fcb.md	2026-08-31	494	Symphony Kill Chord / ステータスリスト / 管理用アセットリスト / 機能一覧表示用ボタン
0132-UI削除-f46e6f13.md	2026-08-31	451	Symphony Kill Chord / ステータスリスト / 管理用アセットリスト / UI削除
0133-ログ表示-de3cbeca.md	2026-08-31	405	Symphony Kill Chord / ステータスリスト / 管理用アセットリスト / ログ表示
0134-オートボタン-6be1e23e.md	2026-08-31	383	Symphony Kill Chord / ステータスリスト / 管理用アセットリスト / オートボタン
0135-テキストボックス-1031948b.md	2026-09-01	967	Symphony Kill Chord / ステータスリスト / 管理用アセットリスト / テキストボックス
0136-フォント-d5b8dbc1.md	2026-04-23	398	Symphony Kill Chord / ステータスリスト / 管理用アセットリスト / フォント
0137-ステージ-adb1286e.md	2026-07-27	527	Symphony Kill Chord / ステータスリスト / 管理用アセットリスト / ステージ
0138-障害物-b7f91bf2.md	2026-05-30	5049	Symphony Kill Chord / ステータスリスト / 管理用アセットリスト / 障害物
0139-バイク-81cd7139.md	2026-07-27	1410	Symphony Kill Chord / ステータスリスト / 管理用アセットリスト / バイク
0140-ヘリコプター-4f1e7468.md	2026-05-29	662	Symphony Kill Chord / ステータスリスト / 管理用アセットリスト / ヘリコプター
0141-戦車-1e84956a.md	2026-07-27	983	Symphony Kill Chord / ステータスリスト / 管理用アセットリスト / 戦車
0142-瓦礫-c6ab73fa.md	2026-05-29	577	Symphony Kill Chord / ステータスリスト / 管理用アセットリスト / 瓦礫
0143-破損したバイク-ff5c4063.md	2026-05-30	671	Symphony Kill Chord / ステータスリスト / 管理用アセットリスト / 破損したバイク
0144-バス-bb81523e.md	2026-05-29	551	Symphony Kill Chord / ステータスリスト / 管理用アセットリスト / バス
0145-一般車-7a4b47c6.md	2026-05-29	632	Symphony Kill Chord / ステータスリスト / 管理用アセットリスト / 一般車
0146-有刺鉄線-f8de137d.md	2026-05-29	516	Symphony Kill Chord / ステータスリスト / 管理用アセットリスト / 有刺鉄線
0147-タイヤ-ab3dfe91.md	2026-05-29	532	Symphony Kill Chord / ステータスリスト / 管理用アセットリスト / タイヤ
0148-軍事車両-3290b0d7.md	2026-05-29	387	Symphony Kill Chord / ステータスリスト / 管理用アセットリスト / 軍事車両
0149-建物-d0a483ab.md	2026-05-29	244	Symphony Kill Chord / ステータスリスト / 管理用アセットリスト / 建物
0150-背景崩落-553df5fb.md	2026-06-15	541	Symphony Kill Chord / ステータスリスト / 管理用アセットリスト / 背景崩落
0151-背景炎上-e7d3cb61.md	2026-07-27	680	Symphony Kill Chord / ステータスリスト / 管理用アセットリスト / 背景炎上
0152-敵攻撃範囲-b3f6987e.md	2026-06-14	240	Symphony Kill Chord / ステータスリスト / 管理用アセットリスト / 敵攻撃範囲
0153-場外の霧・砂埃-ae993773.md	2026-06-16	258	Symphony Kill Chord / ステータスリスト / 管理用アセットリスト / 場外の霧・砂埃
0154-敵撃破-7294082f.md	2026-07-15	488	Symphony Kill Chord / ステータスリスト / 管理用アセットリスト / 敵撃破
0155-敵被弾-b2ef9a86.md	2026-07-27	312	Symphony Kill Chord / ステータスリスト / 管理用アセットリスト / 敵被弾
0156-移動-420fdd18.md	2026-07-27	356	Symphony Kill Chord / ステータスリスト / 管理用アセットリスト / 移動
0157-爆破-499ac280.md	2026-07-27	286	Symphony Kill Chord / ステータスリスト / 管理用アセットリスト / 爆破
0158-ノックバック-343d1f4c.md	2026-06-14	335	Symphony Kill Chord / ステータスリスト / 管理用アセットリスト / ノックバック
0159-ノックバック-e8f6cc53.md	2026-05-06	328	Symphony Kill Chord / ステータスリスト / 管理用アセットリスト / ノックバック / ノックバック
0160-被弾-fc51a30a.md	2026-07-27	443	Symphony Kill Chord / ステータスリスト / 管理用アセットリスト / 被弾
0161-被ダメージ音-554cc68c.md	2026-06-26	410	Symphony Kill Chord / ステータスリスト / 管理用アセットリスト / 被弾 / 被ダメージ音
0162-攻撃-7dc7c755.md	2026-07-27	522	Symphony Kill Chord / ステータスリスト / 管理用アセットリスト / 攻撃
0163-回避-e5ad867e.md	2026-06-14	317	Symphony Kill Chord / ステータスリスト / 管理用アセットリスト / 回避
0164-回避音-22a175dd.md	2026-05-06	263	Symphony Kill Chord / ステータスリスト / 管理用アセットリスト / 回避 / 回避音
0165-スキル-5f8acfb0.md	2026-06-14	325	Symphony Kill Chord / ステータスリスト / 管理用アセットリスト / スキル
0166-スキル-918b45b0.md	2026-05-06	1256	Symphony Kill Chord / ステータスリスト / 管理用アセットリスト / スキル / スキル
0167-プレイヤー武器-630904d5.md	2026-06-17	2223	Symphony Kill Chord / ステータスリスト / 管理用アセットリスト / プレイヤー武器
0168-一般兵モーション-8681739a.md	2026-08-12	243	Symphony Kill Chord / ステータスリスト / 管理用アセットリスト / 一般兵モーション
0169-スキルツリー-91dd79e0.md	2026-09-01	753	Symphony Kill Chord / ステータスリスト / 管理用アセットリスト / スキルツリー
0170-研究画面-0a6c6068.md	2026-09-01	415	Symphony Kill Chord / ステータスリスト / 管理用アセットリスト / 研究画面
0171-リザルト用テキストボックス-3b556895.md	2026-09-01	424	Symphony Kill Chord / ステータスリスト / 管理用アセットリスト / リザルト用テキストボックス
0172-ダメージ表記（クリティカル時装飾）-e0b0b6d1.md	2026-09-01	534	Symphony Kill Chord / ステータスリスト / 管理用アセットリスト / ダメージ表記（クリティカル時装飾）
0173-作戦画面ノードフレーム-c8e1df08.md	2026-09-01	508	Symphony Kill Chord / ステータスリスト / 管理用アセットリスト / 作戦画面ノードフレーム
0174-ステージアイコン-53b34037.md	2026-09-01	604	Symphony Kill Chord / ステータスリスト / 管理用アセットリスト / ステージアイコン
0175-改造画面ボタン-431b4000.md	2026-09-01	756	Symphony Kill Chord / ステータスリスト / 管理用アセットリスト / 改造画面ボタン
0176-スキルジャンルアイコン-aec74f22.md	2026-09-01	943	Symphony Kill Chord / ステータスリスト / 管理用アセットリスト / スキルジャンルアイコン
0177-スキルツリー進行度リセットボタン-f213d474.md	2026-09-01	470	Symphony Kill Chord / ステータスリスト / 管理用アセットリスト / スキルツリー進行度リセットボタン
0178-スキルツリーノードフレーム-1a12f15f.md	2026-09-01	578	Symphony Kill Chord / ステータスリスト / 管理用アセットリスト / スキルツリーノードフレーム
0179-ステータスアイコン-2649e6a4.md	2026-09-03	1231	Symphony Kill Chord / ステータスリスト / 管理用アセットリスト / ステータスアイコン
0180-所持ポイント（改造ポイント）-3c47bad1.md	2026-09-03	452	Symphony Kill Chord / ステータスリスト / 管理用アセットリスト / 所持ポイント（改造ポイント）
0181-所持ポイント（研究ポイント）-94d77929.md	2026-09-01	746	Symphony Kill Chord / ステータスリスト / 管理用アセットリスト / 所持ポイント（研究ポイント）
0182-スキップ-3ba3ca5f.md	2026-09-01	403	Symphony Kill Chord / ステータスリスト / 管理用アセットリスト / スキップ
0183-クリティカル-e4bc43ff.md	2026-09-01	273	Symphony Kill Chord / ステータスリスト / 管理用アセットリスト / クリティカル
0184-アクリルグッズ-416db60a.md	2026-08-19	1011	Symphony Kill Chord / ステータスリスト / 管理用アセットリスト / アクリルグッズ
0185-ホーム用ボタン-e5d4b54c.md	2026-09-01	782	Symphony Kill Chord / ステータスリスト / 管理用アセットリスト / ホーム用ボタン
0186-管理用実装リスト-c6338b0b.md	2026-04-13	534	Symphony Kill Chord / ステータスリスト / 管理用実装リスト
0187-スキル発動内部実装-cf28d148.md	2026-04-21	324	Symphony Kill Chord / ステータスリスト / 管理用実装リスト / スキル発動内部実装
0188-カメラ挙動-19544132.md	2026-04-18	257	Symphony Kill Chord / ステータスリスト / 管理用実装リスト / カメラ挙動
0189-アルファ版 インゲーム リファクタリング-5c3ca50f.md	2026-04-28	598	Symphony Kill Chord / ステータスリスト / 管理用実装リスト / アルファ版 インゲーム リファクタリング
0190-リズムとアクションのマルチタスク解消の方針-64c0f2f9.md	2026-03-16	448	Symphony Kill Chord / リズムとアクションのマルチタスク解消の方針
0191-プログラマーワークフロー パッケージ導入について-365871cd.md	2026-04-02	1225	Symphony Kill Chord / プログラマーワークフロー パッケージ導入について
0192-シーンの概要と意図-3b7c6cbd.md	2026-03-30	1096	Symphony Kill Chord / シーンの概要と意図
0193-インゲームHUDの構成要素-bdeb654e.md	2026-03-17	1162	Symphony Kill Chord / インゲームHUDの構成要素
0194-リズムUI-5cf72709.md	2026-04-04	1335	Symphony Kill Chord / リズムUI
0195-前回の入力が一定以上離れた時の用語-7dc51c58.md	2026-03-13	564	Symphony Kill Chord / 前回の入力が一定以上離れた時の用語
0196-コンフィグについて-eabec568.md	2026-03-31	1133	Symphony Kill Chord / コンフィグについて
0197-プレイヤーの概要-c314f354.md	2026-03-25	455	Symphony Kill Chord / プレイヤーの概要
0198-敵の概要-2a2f78c9.md	2026-03-25	819	Symphony Kill Chord / 敵の概要
0199-新規クライアント部門向けの研修-b0763852.md	2026-04-02	4095	Symphony Kill Chord / 新規クライアント部門向けの研修
0200-敵の行動アルゴリズム-99e6bd10.md	2026-04-16	3186	Symphony Kill Chord / 敵の行動アルゴリズム
0201-プレイヤーが使う武器のリファレンス探し-54a509a5.md	2026-04-02	4594	Symphony Kill Chord / プレイヤーが使う武器のリファレンス探し
0202-シナリオライター勧誘手順-f5c5d084.md	2026-04-02	708	Symphony Kill Chord / シナリオライター勧誘手順
0203-BGMアセットリスト-c8eaef7c.md	2026-04-02	818	Symphony Kill Chord / BGMアセットリスト
0204-リザルト-490fb6fb.md	2026-04-17	1295	Symphony Kill Chord / リザルト
0205-ステージ開始前の挙動-a01620ee.md	2026-06-02	1258	Symphony Kill Chord / ステージ開始前の挙動
0206-ベータ版期間のマイルストーン-6f5d2f9d.md	2026-05-30	9719	Symphony Kill Chord / ベータ版期間のマイルストーン
0207-参考資料：初期構想-e657e3b7.md	2026-05-27	367	Symphony Kill Chord / ベータ版期間のマイルストーン / 参考資料：初期構想
0208-参考資料：初期構想-abd9d9c6.md	2026-05-25	367	Symphony Kill Chord / ベータ版期間のマイルストーン / 参考資料：初期構想
0209-配信(7_29)までの作業内容-78341ae9.md	2026-08-05	276	Symphony Kill Chord / 配信(7/29)までの作業内容
0210-ステージ演出-dbc9e2ec.md	2026-07-04	241	Symphony Kill Chord / ステージ演出
0211-チュートリアル-98966497.md	2026-04-17	1865	Symphony Kill Chord / チュートリアル
0212-ボス-601504ab.md	2026-04-21	1090	Symphony Kill Chord / ボス
0213-シナリオパート-2921690e.md	2026-04-16	2077	Symphony Kill Chord / シナリオパート
0214-敵のスポーン挙動について-0385963e.md	2026-04-24	1022	Symphony Kill Chord / 敵のスポーン挙動について
0215-武器ごとの攻撃性能-8abf6a73.md	2026-04-17	1452	Symphony Kill Chord / 武器ごとの攻撃性能
0216-作戦画面のレイアウトについて-b3991bab.md	2026-07-13	2301	Symphony Kill Chord / 作戦画面のレイアウトについて
0217-ベータ版開発指針-9273b4a6.md	2026-05-23	4365	Symphony Kill Chord / ベータ版開発指針
0218-敵の攻撃挙動-775de195.md	2026-07-13	752	Symphony Kill Chord / 敵の攻撃挙動
0219-スキル獲得方法-7c76fd71.md	2026-06-28	1013	Symphony Kill Chord / スキル獲得方法
0220-タイトル画面発注-c162e4bc.md	2026-06-13	1225	Symphony Kill Chord / タイトル画面発注
0221-エフェクト代替アセット-695b1879.md	2026-06-25	4883	Symphony Kill Chord / エフェクト代替アセット
0222-SEの発注書の進捗-6c7145b3.md	2026-05-08	660	Symphony Kill Chord / SEの発注書の進捗
0223-ステージ設計-cfa71754.md	2026-05-29	557	Symphony Kill Chord / ステージ設計
0224-Symphony 台本-dabb9d23.md	2026-07-13	295	Symphony Kill Chord / Symphony 台本
0225-フレーバーテキストの追加場所-02738273.md	2026-03-30	370	Symphony Kill Chord / フレーバーテキストの追加場所
0226-ユーザーデータ-a60b2e5f.md	2026-04-17	941	Symphony Kill Chord / ユーザーデータ
0227-ゴア表現のレベル-d89abf3a.md	2026-04-04	1221	Symphony Kill Chord / ゴア表現のレベル
0228-ゲームルールの成功条件の複数化-bdaa6f6a.md	2026-03-16	2135	Symphony Kill Chord / ゲームルールの成功条件の複数化
0229-コアメカニクス-4dc4c634.md	2026-01-20	299	Symphony Kill Chord / コアメカニクス
0230-初稿-9e3bffee.md	2025-11-18	1735	Symphony Kill Chord / コアメカニクス / 初稿
0231-音楽同期戦闘モック 追加実装項目-605e9517.md	2026-01-20	289	Symphony Kill Chord / 音楽同期戦闘モック 追加実装項目
0232-戦闘音楽のトンマナ-783dd674.md	2026-03-13	958	Symphony Kill Chord / 戦闘音楽のトンマナ
0233-プレイヤーの行動パターン-fee9ed0f.md	2026-03-16	1296	Symphony Kill Chord / プレイヤーの行動パターン
0234-スキルのコマンドの発動重複対策-c726aef4.md	2026-03-16	1021	Symphony Kill Chord / スキルのコマンドの発動重複対策
0235-カメラワーク-6bb3aacf.md	2026-02-25	2370	Symphony Kill Chord / カメラワーク
0236-メモ-0c4de2e4.md	2026-02-24	292	Symphony Kill Chord / カメラワーク / メモ
0237-コマンド-dca46f4c.md	2026-02-17	264	Symphony Kill Chord / コマンド
0238-スキル-b29e6566.md	2026-03-10	447	Symphony Kill Chord / スキル
0239-リズムの判定-731573b9.md	2026-02-25	1229	Symphony Kill Chord / リズムの判定
0240-シーン構成-aa90bbd4.md	2026-02-25	1301	Symphony Kill Chord / シーン構成
0241-ゲームルール-8170a2d2.md	2026-02-25	2221	Symphony Kill Chord / ゲームルール
0242-プレイヤー-3130e1f5.md	2026-02-25	715	Symphony Kill Chord / プレイヤー
0243-敵の種類-7402c4d8.md	2026-02-25	1035	Symphony Kill Chord / 敵の種類
0244-ステージ基本-f550dd06.md	2026-02-25	764	Symphony Kill Chord / ステージ基本
0245-ステージ詳細-9ce65b17.md	2026-03-16	1272	Symphony Kill Chord / ステージ詳細
0246-シフト表システム-5eea49f8.md	2026-04-02	897	Symphony Kill Chord / シフト表システム
0247-ホーム画面の構成要素-e5a379d5.md	2026-04-15	1017	Symphony Kill Chord / ホーム画面の構成要素
0248-コンボについて-3e491c62.md	2026-03-16	947	Symphony Kill Chord / コンボについて
0249-アウトゲームUIの構成要素-109a68c7.md	2026-06-02	2606	Symphony Kill Chord / アウトゲームUIの構成要素
0250-スペシャル技の導入-e856ef39.md	2026-04-24	1788	Symphony Kill Chord / スペシャル技の導入
0251-仕様書ガイド ストーリー-2390f78e.md	2026-03-31	1182	Symphony Kill Chord / 仕様書ガイド ストーリー
0252-シナリオ概要書の適用-107d6d6a.md	2026-03-31	805	Symphony Kill Chord / 仕様書ガイド ストーリー / シナリオ概要書の適用
0253-ミニマップ-a64a6277.md	2026-03-31	1289	Symphony Kill Chord / ミニマップ
0254-バトル チュートリアル-692f7461.md	2026-06-10	428	Symphony Kill Chord / バトル チュートリアル
0255-対応デバイスの世代-23602ec5.md	2026-06-30	320	Symphony Kill Chord / 対応デバイスの世代
0256-コンボによる能力の追加-177c0a91.md	2026-07-13	2021	Symphony Kill Chord / コンボによる能力の追加
0257-ステージ差分のリファレンス-c1cd8a78.md	2026-06-18	1351	Symphony Kill Chord / ステージ差分のリファレンス
0258-長押しの導入-c315631b.md	2026-06-02	374	Symphony Kill Chord / 長押しの導入
0259-回避時の音-1216d9e4.md	2026-04-06	326	Symphony Kill Chord / 回避時の音
0260-スキルの使用映像-39d0e133.md	2026-05-07	705	Symphony Kill Chord / スキルの使用映像
0261-改造画面の仕様追記-8b3915c0.md	2026-05-08	2165	Symphony Kill Chord / 改造画面の仕様追記
0262-スキルの書き方-e06685a3.md	2026-05-08	629	Symphony Kill Chord / スキルの書き方
0263-[３Dモデラー]敵モデルのボーン修正-3edaf601.md	2026-07-20	524	Symphony Kill Chord / [３Dモデラー]敵モデルのボーン修正
0264-スキルの詳細-f78789a2.md	2026-05-31	11361	Symphony Kill Chord / スキルの詳細
0265-Notionの「用語」について-8f1fc758.md	2026-05-04	770	Symphony Kill Chord / Notionの「用語」について
0266-ステージ障害物のリファレンス-421b0dc5.md	2026-04-28	6353	Symphony Kill Chord / ステージ障害物のリファレンス
0267-研究画面の仕様追記-3a36de89.md	2026-05-08	3769	Symphony Kill Chord / 研究画面の仕様追記
0268-タイトル画面-03a45b50.md	2026-06-28	405	Symphony Kill Chord / タイトル画面
0269-仕様概要に記載する内容-5871b0eb.md	2026-05-09	529	Symphony Kill Chord / 仕様概要に記載する内容
0270-ボス戦仕様-bc8d2720.md	2026-06-30	362	Symphony Kill Chord / ボス戦仕様
0271-リストアップ-7970cc76.md	2026-07-19	1045	Symphony Kill Chord / リストアップ
0272-BGM仕様案-f2cb2c7b.md	2026-08-06	1526	Symphony Kill Chord / BGM仕様案
0273-不明点のリストアップ-7ced5969.md	2026-07-22	1001	Symphony Kill Chord / 不明点のリストアップ
0274-アセットなどの用語系の命名規則の不足確認-c54eb6d6.md	2026-08-01	2039	Symphony Kill Chord / アセットなどの用語系の命名規則の不足確認
0275-仕様書見ずらい-708b5508.md	2026-06-28	422	Symphony Kill Chord / 仕様書見ずらい
0276-__【Symphony Kill Chord】 GDD__-b2b8667c.md	2026-05-15	495	Symphony Kill Chord / 仕様書見ずらい / **【Symphony Kill Chord】 GDD**
0277-ロックオンHUDについて-3f7590f0.md	2026-06-28	892	Symphony Kill Chord / ロックオンHUDについて
0278-UIトンマナ修正-3823b367.md	2026-07-13	1485	Symphony Kill Chord / UIトンマナ修正
0279-リズムUI案-47683953.md	2026-07-13	6961	Symphony Kill Chord / リズムUI案
0280-シナリオシステム テキストウィンドウについて-f833e0de.md	2026-07-13	422	Symphony Kill Chord / シナリオシステム テキストウィンドウについて
0281-ステージ方針-d47edb7e.md	2026-07-13	3193	Symphony Kill Chord / ステージ方針
0282-スキル(全体)仕様-72b89d7c.md	2026-05-08	1051	Symphony Kill Chord / スキル(全体)仕様
0283-デザイナー発注書進捗-661e0ce5.md	2026-04-21	883	Symphony Kill Chord / デザイナー発注書進捗
0284-ノックバック-c2eeeadb.md	2026-06-02	536	Symphony Kill Chord / ノックバック
0285-敵の攻撃中断-92821c9b.md	2026-06-02	1483	Symphony Kill Chord / 敵の攻撃中断
0286-BGMの要項-158757a7.md	2026-04-02	1964	Symphony Kill Chord / BGMの要項
0287-アルファ版期間 デザイナースケジュール-c2794e74.md	2026-04-12	7005	Symphony Kill Chord / アルファ版期間 デザイナースケジュール
0288-インゲームUIの構成要素-a008300a.md	2026-04-02	2864	Symphony Kill Chord / インゲームUIの構成要素
0289-UIで必要なもの-a3a121df.md	2026-06-02	1827	Symphony Kill Chord / UIで必要なもの
0290-メンバーハンドブック-d5fc9980.md	2026-03-17	1564	Symphony Kill Chord / メンバーハンドブック
0291-仕様書添削 2_25-d33fa343.md	2026-03-16	1679	Symphony Kill Chord / 仕様書添削 2/25
0292-戦闘の銃について-0a8eb190.md	2026-03-16	1158	Symphony Kill Chord / 戦闘の銃について
0293-クライアント部門設立計画書-f0f3a4fb.md	2026-04-02	2575	Symphony Kill Chord / クライアント部門設立計画書
0294-アルファ版の制作範囲-a6799d0b.md	2026-03-31	2836	Symphony Kill Chord / アルファ版の制作範囲
0295-ミッションセレクト画面という用語-fbd69b1e.md	2026-06-02	488	Symphony Kill Chord / ミッションセレクト画面という用語
0296-仕様概要ページの要素削減方針-a0d5c095.md	2026-04-17	2109	Symphony Kill Chord / 仕様概要ページの要素削減方針
0297-敵のダウンシステム-f90fde06.md	2026-03-20	930	Symphony Kill Chord / 敵のダウンシステム
0298-シナリオ項目の改名-24e834a9.md	2026-03-25	928	Symphony Kill Chord / シナリオ項目の改名
0299-UIのトンマナ-dcd9c17f.md	2026-04-15	1352	Symphony Kill Chord / UIのトンマナ
0300-プレイヤーの操作の用語-aa7fe966.md	2026-03-30	543	Symphony Kill Chord / プレイヤーの操作の用語
0301-シナリオ概要書の適用-36a40c24.md	2026-03-31	823	Symphony Kill Chord / シナリオ概要書の適用
0302-クリティカルの要素-0167fed9.md	2026-06-02	1674	Symphony Kill Chord / クリティカルの要素
0303-2Dデザイン必要素材-0f52d1ac.md	2026-04-02	1470	Symphony Kill Chord / 2Dデザイン必要素材
0304-メンバーハンドブック Discord利用と休暇日 項目追記-cfdccf81.md	2026-03-31	1263	Symphony Kill Chord / メンバーハンドブック Discord利用と休暇日 項目追記
0305-ステージ差分-7ae0b93f.md	2026-04-02	1574	Symphony Kill Chord / ステージ差分
0306-SEアセットリスト-b47da24b.md	2026-04-02	1166	Symphony Kill Chord / SEアセットリスト
0307-モーションアセットリスト-4b665afb.md	2026-04-24	1145	Symphony Kill Chord / モーションアセットリスト
0308-回避アクションの詳細-6667f689.md	2026-04-16	1435	Symphony Kill Chord / 回避アクションの詳細
0309-敵の使用する武器-3c130f49.md	2026-05-05	581	Symphony Kill Chord / 敵の使用する武器
0310-プログラマーメンバー-3210f715.md	2026-04-20	462	Symphony Kill Chord / プログラマーメンバー
0311-TGSのゲームフロー-71b5ef01.md	2026-04-17	888	Symphony Kill Chord / TGSのゲームフロー
0312-フェーズ管理-4b939281.md	2026-04-21	1111	Symphony Kill Chord / フェーズ管理
0313-作戦画面-bc822254.md	2026-04-17	2384	Symphony Kill Chord / 作戦画面
0314-スキルツリー-5dc588e2.md	2026-04-17	2199	Symphony Kill Chord / スキルツリー
0315-ホーム-06bdaad6.md	2026-04-17	372	Symphony Kill Chord / ホーム
0316-シナリオ機能の仕様-c0055d65.md	2026-04-15	1317	Symphony Kill Chord / シナリオ機能の仕様
0317-組織改編 リード_マネージャー-1ba57ded.md	2026-06-02	1311	Symphony Kill Chord / 組織改編 リード/マネージャー
0318-レベルデザイン方針-0473b758.md	2026-04-17	1204	Symphony Kill Chord / レベルデザイン方針
0319-マネージャーのタスク定時報告義務-96f693d1.md	2026-04-17	686	Symphony Kill Chord / マネージャーのタスク定時報告義務
0320-体験版マイルストーン-93d07501.md	2026-08-02	5830	Symphony Kill Chord / 体験版マイルストーン
0321-AKITOファイルのアセット元-11afc6cd.md	2026-08-13	484	Symphony Kill Chord / AKITOファイルのアセット元
0322-UI周りの更新-fdc3a6e3.md	2026-08-30	391	Symphony Kill Chord / UI周りの更新
0323-プランナー定例会9_12-47a93990.md	2026-09-12	464	Symphony Kill Chord / プランナー定例会9/12
0324-TGS後 方針決定会-f632c64a.md	2026-09-19	260	Symphony Kill Chord / TGS後 方針決定会
0325-声優収録 9_12-b460c641.md	2026-09-12	4959	Symphony Kill Chord / 声優収録 9/12
0326-プランナー定例会　09_05-eeaf81aa.md	2026-09-05	408	Symphony Kill Chord / プランナー定例会　09/05
0327-プランナー定例会 8_15-e868d8f8.md	2026-08-15	829	Symphony Kill Chord / プランナー定例会 8/15
0328-プランナー定例会　8_8-2cfea879.md	2026-08-13	1442	Symphony Kill Chord / プランナー定例会　8/8
0329-プランナー定例会　08_01-95c69b1c.md	2026-08-01	722	Symphony Kill Chord / プランナー定例会　08/01
0330-プランナー定例会　07_25-639c7a87.md	2026-07-25	500	Symphony Kill Chord / プランナー定例会　07/25
0331-プランナー定例会　07_18-5979c34a.md	2026-07-18	1142	Symphony Kill Chord / プランナー定例会　07/18
0332-プランナー定例-7929a2f4.md	2026-07-11	566	Symphony Kill Chord / プランナー定例
0333-第1次 サウンドクリエーター面接-d007cfd6.md	2026-07-11	530	Symphony Kill Chord / 第1次 サウンドクリエーター面接
0334-質問事項-4f7021c0.md	2026-07-11	400	Symphony Kill Chord / 第1次 サウンドクリエーター面接 / 質問事項
0335-__内山 晃希__-63d1427a.md	2026-07-11	1299	Symphony Kill Chord / 第1次 サウンドクリエーター面接 / **内山 晃希**
0336-__松下 大悟__-d6540190.md	2026-07-11	1201	Symphony Kill Chord / 第1次 サウンドクリエーター面接 / **松下 大悟**
0337-__佐山 大喜__-b8fd58fb.md	2026-07-11	929	Symphony Kill Chord / 第1次 サウンドクリエーター面接 / **佐山 大喜**
0338-__宮本 晴基__-ead7669b.md	2026-07-11	1094	Symphony Kill Chord / 第1次 サウンドクリエーター面接 / **宮本 晴基**
0339-__高橋 輝成__-b1062b35.md	2026-07-11	1078	Symphony Kill Chord / 第1次 サウンドクリエーター面接 / **高橋 輝成**
0340-プランナー定例-718e11a4.md	2026-07-11	1602	Symphony Kill Chord / プランナー定例
0341-シナリオ定例会-b19f92c9.md	2026-06-26	248	Symphony Kill Chord / シナリオ定例会
0342-G-Lab集会 6_14-bd69d1fa.md	2026-06-14	220	Symphony Kill Chord / G-Lab集会 6/14
0343-第一次 プランナー会議-394b215c.md	2026-06-06	336	Symphony Kill Chord / 第一次 プランナー会議
0344-質問事項-f1bab190.md	2026-06-06	374	Symphony Kill Chord / 第一次 プランナー会議 / 質問事項
0345-__岡安奈__-17c79015.md	2026-06-06	688	Symphony Kill Chord / 第一次 プランナー会議 / **岡安奈**
0346-__野田純伶__-4c3c25ad.md	2026-06-06	659	Symphony Kill Chord / 第一次 プランナー会議 / **野田純伶**
0347-第一次 デザイナー面接-96971182.md	2026-06-26	1454	Symphony Kill Chord / 第一次 デザイナー面接
0348-2D 質問事項-a5fab873.md	2026-06-24	385	Symphony Kill Chord / 第一次 デザイナー面接 / 2D 質問事項
0349-3D 質問事項-0e173348.md	2026-06-24	406	Symphony Kill Chord / 第一次 デザイナー面接 / 3D 質問事項
0350-島村花菜-315c3602.md	2026-06-05	765	Symphony Kill Chord / 第一次 デザイナー面接 / 島村花菜
0351-岩谷礼美子-ecda20cf.md	2026-06-05	718	Symphony Kill Chord / 第一次 デザイナー面接 / 岩谷礼美子
0352-近藤真凛-de245d2e.md	2026-06-05	681	Symphony Kill Chord / 第一次 デザイナー面接 / 近藤真凛
0353-白旗祐衣-f088243b.md	2026-06-05	838	Symphony Kill Chord / 第一次 デザイナー面接 / 白旗祐衣
0354-大先 理子-d4700b5d.md	2026-06-05	893	Symphony Kill Chord / 第一次 デザイナー面接 / 大先 理子
0355-宮城 姫野-92af1e3c.md	2026-06-04	842	Symphony Kill Chord / 第一次 デザイナー面接 / 宮城 姫野
0356-髙田千尋-1c1b6c11.md	2026-06-06	735	Symphony Kill Chord / 第一次 デザイナー面接 / 髙田千尋
0357-兒玉奨-d601913e.md	2026-06-06	985	Symphony Kill Chord / 第一次 デザイナー面接 / 兒玉奨
0358-山部美南-ced360b9.md	2026-06-06	931	Symphony Kill Chord / 第一次 デザイナー面接 / 山部美南
0359-清水るちあ-b938fa0e.md	2026-06-06	855	Symphony Kill Chord / 第一次 デザイナー面接 / 清水るちあ
0360-野﨑咲来-2704f9af.md	2026-06-06	856	Symphony Kill Chord / 第一次 デザイナー面接 / 野﨑咲来
0361-小池-34451527.md	2026-06-06	680	Symphony Kill Chord / 第一次 デザイナー面接 / 小池
0362-田中遥土-b705da47.md	2026-06-06	719	Symphony Kill Chord / 第一次 デザイナー面接 / 田中遥土
0363-井上-0be1080a.md	2026-06-08	579	Symphony Kill Chord / 第一次 デザイナー面接 / 井上
0364-ドゥアルテ-c2be871b.md	2026-06-05	575	Symphony Kill Chord / 第一次 デザイナー面接 / ドゥアルテ
0365-波勇太-51e2bf18.md	2026-06-06	806	Symphony Kill Chord / 第一次 デザイナー面接 / 波勇太
0366-加藤 由那-25a4b4b5.md	2026-06-24	986	Symphony Kill Chord / 第一次 デザイナー面接 / 加藤 由那
0367-田村 圭-e3b8d010.md	2026-06-24	982	Symphony Kill Chord / 第一次 デザイナー面接 / 田村 圭
0368-山出 蒼（やまいで そら）-2e9f238a.md	2026-06-24	875	Symphony Kill Chord / 第一次 デザイナー面接 / 山出 蒼（やまいで そら）
0369-佐藤駿生-a3db049a.md	2026-06-25	936	Symphony Kill Chord / 第一次 デザイナー面接 / 佐藤駿生
0370-田中勇衣-0ab3c6b3.md	2026-06-26	1195	Symphony Kill Chord / 第一次 デザイナー面接 / 田中勇衣
0371-声優二次面接-dcb834f6.md	2026-06-06	754	Symphony Kill Chord / 声優二次面接
0372-質問事項-11830414.md	2026-06-06	2245	Symphony Kill Chord / 声優二次面接 / 質問事項
0373-廣田彩葉-ca3c2c0b.md	2026-06-01	496	Symphony Kill Chord / 声優二次面接 / 廣田彩葉
0374-中村果奈-6301b554.md	2026-06-01	713	Symphony Kill Chord / 声優二次面接 / 中村果奈
0375-石崎花音-f8241a16.md	2026-06-04	962	Symphony Kill Chord / 声優二次面接 / 石崎花音
0376-飯田楓椛-eae69fb4.md	2026-06-06	1199	Symphony Kill Chord / 声優二次面接 / 飯田楓椛
0377-宇佐見彩香-e4678761.md	2026-06-06	1020	Symphony Kill Chord / 声優二次面接 / 宇佐見彩香
0378-廣光恒正-2a93ecc2.md	2026-06-01	775	Symphony Kill Chord / 声優二次面接 / 廣光恒正
0379-小島大空-6131cf9c.md	2026-06-01	889	Symphony Kill Chord / 声優二次面接 / 小島大空
0380-森岡 怜太郎-1dbf30f7.md	2026-06-06	1490	Symphony Kill Chord / 声優二次面接 / 森岡 怜太郎
0381-プログラマー管理者会議-fd1e6b25.md	2026-05-31	805	Symphony Kill Chord / プログラマー管理者会議
0382-コロプラ作品レビュー会-95cca830.md	2026-05-31	257	Symphony Kill Chord / コロプラ作品レビュー会
0383-質問事項-e567f957.md	2026-05-24	595	Symphony Kill Chord / コロプラ作品レビュー会 / 質問事項
0384-BrushUpレビュー会　-ea921990.md	2026-05-31	413	Symphony Kill Chord / BrushUpレビュー会　
0385-コロプラ説明会 作品レビュー会-e5cef4fe.md	2026-05-31	552	Symphony Kill Chord / コロプラ説明会 作品レビュー会
0386-サウンド会議-d448074a.md	2026-05-14	815	Symphony Kill Chord / サウンド会議
0387-インゲームUI会議-efa93af8.md	2026-05-13	2486	Symphony Kill Chord / インゲームUI会議
0388-第二回シナリオ部門進捗会議-1933a4c3.md	2026-05-08	406	Symphony Kill Chord / 第二回シナリオ部門進捗会議
0389-シナリオ部門進捗会議-1682719c.md	2026-04-24	663	Symphony Kill Chord / シナリオ部門進捗会議
0390-4_20 作業会-297b3f0c.md	2026-04-20	526	Symphony Kill Chord / 4/20 作業会
0391-産学に関して-8215b8ff.md	2026-04-19	697	Symphony Kill Chord / 産学に関して
0392-プランナー×ディレクターx田口さん-e531f6bd.md	2026-04-19	490	Symphony Kill Chord / プランナー×ディレクターx田口さん
0393-第4回プランナー定例会-c0ff6e27.md	2026-04-19	1950	Symphony Kill Chord / 第4回プランナー定例会
0394-シナリオ部門制作会議-211a179a.md	2026-04-10	1026	Symphony Kill Chord / シナリオ部門制作会議
0395-シナリオ勧誘-4c0ab96f.md	2026-04-18	279	Symphony Kill Chord / シナリオ勧誘
0396-1. あおいさん-e68b3d81.md	2026-04-07	259	Symphony Kill Chord / シナリオ勧誘 / 1. あおいさん
0397-2. はるちゃんさん-1dca722e.md	2026-04-07	230	Symphony Kill Chord / シナリオ勧誘 / 2. はるちゃんさん
0398-サウンドのスタートアップ会議-47c271da.md	2026-04-11	712	Symphony Kill Chord / サウンドのスタートアップ会議
0399-UIスタートアップ会議-98ff0483.md	2026-04-18	552	Symphony Kill Chord / UIスタートアップ会議
0400-プランナー定例会-205058ab.md	2026-03-31	1674	Symphony Kill Chord / プランナー定例会
0401-シナリオ 会議-c951abb6.md	2026-03-30	711	Symphony Kill Chord / シナリオ 会議
0402-募集要項-f9606e38.md	2026-04-02	553	Symphony Kill Chord / シナリオ 会議 / 募集要項
0403-クライアント部門 試験的運用振り返り-b9a25c58.md	2026-03-28	4812	Symphony Kill Chord / クライアント部門 試験的運用振り返り
0404-キャラモデラ― Unity導入会-79cfb586.md	2026-03-28	2914	Symphony Kill Chord / キャラモデラ― Unity導入会
0405-クライアント部門スタートアップ会議-8cad7aba.md	2026-03-27	2910	Symphony Kill Chord / クライアント部門スタートアップ会議
0406-タスク見積についての試験運用-07c4a226.md	2026-03-22	397	Symphony Kill Chord / クライアント部門スタートアップ会議 / タスク見積についての試験運用
0407-3_29までのターゲット-f8d9bb9b.md	2026-03-22	273	Symphony Kill Chord / クライアント部門スタートアップ会議 / 3/29までのターゲット
0408-プランナー定例会-dd6363c2.md	2026-03-23	754	Symphony Kill Chord / プランナー定例会
0409-リードプランナー働き方改革-c1294cbd.md	2026-03-13	2122	Symphony Kill Chord / リードプランナー働き方改革
0410-3Dモデラ―懇談会-27ad38f1.md	2026-03-12	708	Symphony Kill Chord / 3Dモデラ―懇談会
0411-UI制作フロー決定会議-8a198414.md	2026-03-13	2638	Symphony Kill Chord / UI制作フロー決定会議
0412-G-Labプロジェクトリクルート＆背景デザイナー状況把握会議-e6133d2b.md	2026-03-07	1475	Symphony Kill Chord / G-Labプロジェクトリクルート＆背景デザイナー状況把握会議
0413-第一次プランナー会議-c1168f77.md	2026-03-02	557	Symphony Kill Chord / 第一次プランナー会議
0414-シナリオの次タスク-cfbef56e.md	2026-03-02	364	Symphony Kill Chord / シナリオの次タスク
0415-第一次プランナー作業内容-af3fdd9b.md	2026-03-02	414	Symphony Kill Chord / 第一次プランナー作業内容
0416-一次プログラマー全体会議-0bb4a690.md	2026-03-02	915	Symphony Kill Chord / 一次プログラマー全体会議
0417-一次プログラマー作業内容-386d906d.md	2026-03-02	1990	Symphony Kill Chord / 一次プログラマー作業内容
0418-第一次シナリオ概要書共有回-99c02880.md	2026-03-02	1016	Symphony Kill Chord / 第一次シナリオ概要書共有回
0419-プログラマー審査会 講評-1b9d87ca.md	2026-03-02	457	Symphony Kill Chord / プログラマー審査会 講評
0420-プログラマー一次募集-b84bff0c.md	2026-02-20	929	Symphony Kill Chord / プログラマー一次募集
0421-世界観方針 デザイナー合意会議-c5c5d0d6.md	2026-02-20	3981	Symphony Kill Chord / 世界観方針 デザイナー合意会議
0422-G-Lab企画発表会対策会議-13892939.md	2026-02-20	348	Symphony Kill Chord / G-Lab企画発表会対策会議
0423-世界観方針 プランナー合意会議-9645b898.md	2026-02-20	603	Symphony Kill Chord / 世界観方針 プランナー合意会議
0424-キャラモデラ―向け共有資料-8b6806eb.md	2026-02-09	3207	Symphony Kill Chord / キャラモデラ―向け共有資料
0425-G-Labコンペ資料向け対策会-487e8dea.md	2026-02-09	1903	Symphony Kill Chord / G-Labコンペ資料向け対策会
0426-G-Labコンペ__企画相談会__-b908edef.md	2026-02-09	427	Symphony Kill Chord / G-Labコンペ**企画相談会**
0427-企画書作成-29dce312.md	2026-02-09	586	Symphony Kill Chord / 企画書作成
0428-企業座談会 質問決め-4d7869b7.md	2026-02-09	1406	Symphony Kill Chord / 企業座談会 質問決め
0429-ミヘイル密談-3c03cba9.md	2026-02-09	798	Symphony Kill Chord / ミヘイル密談
0430-ミヘイル会合-8b06f279.md	2026-02-09	377	Symphony Kill Chord / ミヘイル会合
0431-プランナー定例会　07_25-6099e5c6.md	2026-07-25	163	Symphony Kill Chord / プランナー定例会　07/25
0432-議事録テンプレ-5828415f.md	2026-08-01	149	Symphony Kill Chord / 議事録テンプレ
0433-G-Lab集会 7_12-379b7b58.md	2026-07-12	211	Symphony Kill Chord / G-Lab集会 7/12
0434-質問事項-d22c1512.md	2026-07-12	237	Symphony Kill Chord / G-Lab集会 7/12 / 質問事項
0435-G-Lab集会-e910bcef.md	2026-05-17	307	Symphony Kill Chord / G-Lab集会
0436-アセット インフラ システム技術交流会-189f8736.md	2026-03-20	831	Symphony Kill Chord / アセット インフラ システム技術交流会
0437-スキルアイコン-c48c3eb9.md	2026-08-06	149	Symphony Kill Chord / スキルアイコン
0438-プランナー定例会 8_29-d3e9630a.md	2026-08-29	308	Symphony Kill Chord / プランナー定例会 8/29
0439-__52 Special Effects Pack__-851c845a.md	2026-08-10	575	Symphony Kill Chord / **52 Special Effects Pack**
0440-__Farming Game FX - MIssion__-4180e9af.md	2026-08-10	546	Symphony Kill Chord / **Farming Game FX - MIssion**
0441-__Free Slash VFX__-9a0d29a2.md	2026-08-12	525	Symphony Kill Chord / **Free Slash VFX**
0442-__Free Quick Effects Vol. 1__-7ab0879e.md	2026-08-10	527	Symphony Kill Chord / **Free Quick Effects Vol. 1**
0443-__War FX__-a94e17b2.md	2026-08-10	478	Symphony Kill Chord / **War FX**
0444-__Magica Cloth 2__-6396f861.md	2026-08-10	526	Symphony Kill Chord / **Magica Cloth 2**
0445-__Free Fire VFX - URP__-dc6452e4.md	2026-08-10	552	Symphony Kill Chord / **Free Fire VFX - URP**
0446-__Insurgent - (LITE)__-561a515c.md	2026-08-10	584	Symphony Kill Chord / **Insurgent - (LITE)**
0447-__50 Female Animations__-a8f9f63a.md	2026-08-10	558	Symphony Kill Chord / **50 Female Animations**
0448-__Human Basic Motions FREE__-ee1979f8.md	2026-08-12	453	Symphony Kill Chord / **Human Basic Motions FREE**
0449-__MC Sample - Believable 3D Animations by MoCap Central__-dab1f09c.md	2026-08-10	541	Symphony Kill Chord / **MC Sample - Believable 3D Animations by MoCap Central**
0450-__Rapier Anim Set__-98c969a6.md	2026-08-12	556	Symphony Kill Chord / **Rapier Anim Set**
0451-__Platform Animation__-08040e32.md	2026-08-10	410	Symphony Kill Chord / **Platform Animation**
0452-__Free Sample Animation Set__-4a3d0998.md	2026-08-10	433	Symphony Kill Chord / **Free Sample Animation Set**
0453-__Low Poly Soldiers Demo__-ba8d8047.md	2026-08-12	405	Symphony Kill Chord / **Low Poly Soldiers Demo**
0454-__Human Soldier Animations FREE__-00ba4bad.md	2026-08-12	440	Symphony Kill Chord / **Human Soldier Animations FREE**
0455-__Soldier-AAA-Pack.vol2__-1dc0b8ea.md	2026-08-10	403	Symphony Kill Chord / **Soldier-AAA-Pack.vol2**
0456-Bitonic Pixel Sorter-0989e0ba.md	2026-03-18	325	Symphony Kill Chord / Bitonic Pixel Sorter
0457-CRIWARE-ed419512.md	2026-08-12	417	Symphony Kill Chord / CRIWARE
0458-Google.Apis.1.75.0-aefa745d.md	2026-08-12	316	Symphony Kill Chord / Google.Apis.1.75.0
0459-Google.Apis.Auth.1.75.0-19158fdb.md	2026-08-12	341	Symphony Kill Chord / Google.Apis.Auth.1.75.0
0460-Google.Apis.Core.1.75.0-90e807b3.md	2026-08-12	338	Symphony Kill Chord / Google.Apis.Core.1.75.0
0461-Microsoft.Bcl.AsyncInterfaces.6.0.0-34c2fdc0.md	2026-08-12	420	Symphony Kill Chord / Microsoft.Bcl.AsyncInterfaces.6.0.0
0462-Microsoft.Bcl.TimeProvider.8.0.0-a47b2b66.md	2026-08-12	473	Symphony Kill Chord / Microsoft.Bcl.TimeProvider.8.0.0
0463-R3.1.3.0-a868f874.md	2026-08-12	272	Symphony Kill Chord / R3.1.3.0
0464-System.CodeDom.7.0.0-4cef9690.md	2026-08-12	347	Symphony Kill Chord / System.CodeDom.7.0.0
0465-System.ComponentModel.Annotations.5.0.0-4ac7a261.md	2026-08-12	415	Symphony Kill Chord / System.ComponentModel.Annotations.5.0.0
0466-System.Management.7.0.2-fa4acd43.md	2026-08-12	372	Symphony Kill Chord / System.Management.7.0.2
0467-System.Threading.Channels.8.0.0-683eb84b.md	2026-08-12	377	Symphony Kill Chord / System.Threading.Channels.8.0.0
0468-VRM Inporter-abcbdbcc.md	2026-08-12	206	Symphony Kill Chord / VRM Inporter
0469-ZLinq.1.5.5-3f440682.md	2026-08-12	324	Symphony Kill Chord / ZLinq.1.5.5
0470-ワークフロー-499c64f0.md	2026-08-30	1046	Symphony Kill Chord / ワークフロー
0471-はじめに-497b00d0.md	2026-08-27	1355	Symphony Kill Chord / ワークフロー / はじめに
0472-Unityセットアップ-87e89399.md	2026-08-26	2351	Symphony Kill Chord / ワークフロー / Unityセットアップ
0473-社内ツール-182ea23f.md	2026-08-26	2290	Symphony Kill Chord / ワークフロー / 社内ツール
0474-ビルドとリリース-a06e4b58.md	2026-08-27	1917	Symphony Kill Chord / ワークフロー / ビルドとリリース
0475-Unity導入方法-a8f5b565.md	2026-06-15	564	Symphony Kill Chord / ワークフロー / Unity導入方法
0476-メンバーハンドブック-2b628f90.md	2026-06-09	1136	Symphony Kill Chord / ワークフロー / メンバーハンドブック
0477-スプリント-cc1c4004.md	2026-04-14	226	Symphony Kill Chord / ワークフロー / スプリント
0478-組織図-d68803ed.md	2026-08-06	743	Symphony Kill Chord / ワークフロー / 組織図
0479-休暇申請-dcf575ba.md	2026-06-09	402	Symphony Kill Chord / ワークフロー / 休暇申請
0480-ディレクター-34a96714.md	2026-06-14	198	Symphony Kill Chord / ワークフロー / ディレクター
0481-アートディレクション-891f9ce1.md	2026-06-14	257	Symphony Kill Chord / ワークフロー / ディレクター / アートディレクション
0482-プランナー-3082e426.md	2026-04-30	358	Symphony Kill Chord / ワークフロー / プランナー
0483-メンバー-deb85bfc.md	2026-04-25	366	Symphony Kill Chord / ワークフロー / プランナー / メンバー
0484-リードプランナー-138a53aa.md	2026-06-14	474	Symphony Kill Chord / ワークフロー / プランナー / リードプランナー
0485-企画-8cd3be1b.md	2026-06-07	995	Symphony Kill Chord / ワークフロー / プランナー / 企画
0486-マネジメント-98c24dce.md	2026-06-07	616	Symphony Kill Chord / ワークフロー / プランナー / マネジメント
0487-プログラマー-5995854c.md	2026-06-07	842	Symphony Kill Chord / ワークフロー / プログラマー
0488-パッケージ導入手順-743c3582.md	2026-04-02	524	Symphony Kill Chord / ワークフロー / プログラマー / パッケージ導入手順
0489-メンバー-289b4cac.md	2026-06-07	1162	Symphony Kill Chord / ワークフロー / プログラマー / メンバー
0490-田口-6100fef8.md	2026-05-14	245	Symphony Kill Chord / ワークフロー / プログラマー / メンバー / 田口
0491-山田-7c950e9b.md	2026-06-12	457	Symphony Kill Chord / ワークフロー / プログラマー / メンバー / 山田
0492-張-4c5c7b2c.md	2026-06-12	394	Symphony Kill Chord / ワークフロー / プログラマー / メンバー / 張
0493-坂本-8198f500.md	2026-06-07	298	Symphony Kill Chord / ワークフロー / プログラマー / メンバー / 坂本
0494-あべたつき-ca6ca594.md	2026-06-07	298	Symphony Kill Chord / ワークフロー / プログラマー / メンバー / あべたつき
0495-山宮-dda69d4b.md	2026-06-12	317	Symphony Kill Chord / ワークフロー / プログラマー / メンバー / 山宮
0496-横障子-430e9c48.md	2026-05-29	237	Symphony Kill Chord / ワークフロー / プログラマー / メンバー / 横障子
0497-及川-a43d5867.md	2026-06-07	287	Symphony Kill Chord / ワークフロー / プログラマー / メンバー / 及川
0498-富山-852ef850.md	2026-06-07	286	Symphony Kill Chord / ワークフロー / プログラマー / メンバー / 富山
0499-宮本-f247cf16.md	2026-06-12	269	Symphony Kill Chord / ワークフロー / プログラマー / メンバー / 宮本
0500-リード-21845e79.md	2026-06-07	143	Symphony Kill Chord / ワークフロー / プログラマー / リード
0501-クライアント部門概要-cdc89fc4.md	2026-04-11	858	Symphony Kill Chord / ワークフロー / プログラマー / クライアント部門概要
0502-クライアント部門 Unityプロジェクト開発規定-457ddd69.md	2026-04-22	894	Symphony Kill Chord / ワークフロー / プログラマー / クライアント部門 Unityプロジェクト開発規定
0503-開発部門概要-f3f34d46.md	2026-04-13	846	Symphony Kill Chord / ワークフロー / プログラマー / 開発部門概要
0504-開発部門 Unityプロジェクト開発規定-3bd17837.md	2026-04-11	991	Symphony Kill Chord / ワークフロー / プログラマー / 開発部門 Unityプロジェクト開発規定
0505-アルファ版開発に関して-7829b3d1.md	2026-06-07	229	Symphony Kill Chord / ワークフロー / プログラマー / アルファ版開発に関して
0506-班の仕事の仕方-e6482076.md	2026-04-07	528	Symphony Kill Chord / ワークフロー / プログラマー / 班の仕事の仕方
0507-技術班-b0e4dc89.md	2026-04-07	1074	Symphony Kill Chord / ワークフロー / プログラマー / 技術班
0508-設計班-d2e8e8c0.md	2026-04-07	1071	Symphony Kill Chord / ワークフロー / プログラマー / 設計班
0509-デザイナー-b7f8e334.md	2026-06-23	536	Symphony Kill Chord / ワークフロー / デザイナー
0510-メンバー-a60c9b77.md	2026-04-30	324	Symphony Kill Chord / ワークフロー / デザイナー / メンバー
0511-キャラモデラ―-654864d2.md	2026-08-03	313	Symphony Kill Chord / ワークフロー / デザイナー / キャラモデラ―
0512-納品-1ec8d615.md	2026-08-05	570	Symphony Kill Chord / ワークフロー / デザイナー / キャラモデラ― / 納品
0513-SourceTree-ee05b949.md	2026-04-09	223	Symphony Kill Chord / ワークフロー / デザイナー / キャラモデラ― / SourceTree
0514-Unity-dab7ff0c.md	2026-08-03	360	Symphony Kill Chord / ワークフロー / デザイナー / キャラモデラ― / Unity
0515-背景モデラ―-207a9e99.md	2026-06-11	199	Symphony Kill Chord / ワークフロー / デザイナー / 背景モデラ―
0516-納品-172efde3.md	2026-06-23	292	Symphony Kill Chord / ワークフロー / デザイナー / 背景モデラ― / 納品
0517-UIデザイナー-833d8b01.md	2026-07-28	201	Symphony Kill Chord / ワークフロー / デザイナー / UIデザイナー
0518-納品-3b0292bf.md	2026-04-30	243	Symphony Kill Chord / ワークフロー / デザイナー / UIデザイナー / 納品
0519-イラストレーター-c0e2f312.md	2026-08-06	203	Symphony Kill Chord / ワークフロー / デザイナー / イラストレーター
0520-納品-f0ae6b39.md	2026-08-06	478	Symphony Kill Chord / ワークフロー / デザイナー / イラストレーター / 納品
0521-モーションデザイナー-08311d8b.md	2026-06-23	257	Symphony Kill Chord / ワークフロー / デザイナー / モーションデザイナー
0522-納品-ba1dbb38.md	2026-07-01	311	Symphony Kill Chord / ワークフロー / デザイナー / モーションデザイナー / 納品
0523-作業-b19a2bda.md	2026-06-23	403	Symphony Kill Chord / ワークフロー / デザイナー / モーションデザイナー / 作業
0524-エフェクトデザイナー-7421fec0.md	2026-06-23	257	Symphony Kill Chord / ワークフロー / デザイナー / エフェクトデザイナー
0525-納品-491be553.md	2026-06-23	325	Symphony Kill Chord / ワークフロー / デザイナー / エフェクトデザイナー / 納品
0526-作業-95d92af0.md	2026-06-23	405	Symphony Kill Chord / ワークフロー / デザイナー / エフェクトデザイナー / 作業
0527-サウンドクリエイター-eb1bd506.md	2026-06-10	256	Symphony Kill Chord / ワークフロー / サウンドクリエイター
0528-メンバー-4986b50d.md	2026-07-15	369	Symphony Kill Chord / ワークフロー / サウンドクリエイター / メンバー
0529-納品-91dc60d6.md	2026-07-14	500	Symphony Kill Chord / ワークフロー / サウンドクリエイター / 納品
0530-シナリオライター-801df788.md	2026-04-18	196	Symphony Kill Chord / ワークフロー / シナリオライター
0531-メンバー-3fa36be1.md	2026-04-18	263	Symphony Kill Chord / ワークフロー / シナリオライター / メンバー
0532-声優-0234c46f.md	2026-06-13	182	Symphony Kill Chord / ワークフロー / 声優
0533-運用-c54eb24c.md	2026-06-13	226	Symphony Kill Chord / ワークフロー / 声優 / 運用
0534-__仕様概要__-f355dfec.md	2026-05-13	3323	Symphony Kill Chord / **仕様概要**
0535-ホーム画面-ef3590e0.md	2026-06-08	679	Symphony Kill Chord / **仕様概要** / ホーム画面
0536-キャラクターステータス-334466c0.md	2026-08-22	484	Symphony Kill Chord / **仕様概要** / キャラクターステータス
0537-ステータス-4f53af90.md	2026-06-05	720	Symphony Kill Chord / **仕様概要** / キャラクターステータス / ステータス
0538-ダメージ計算-9f55413f.md	2026-07-28	1257	Symphony Kill Chord / **仕様概要** / キャラクターステータス / ダメージ計算
0539-プレイヤー-7532687d.md	2026-06-05	723	Symphony Kill Chord / **仕様概要** / プレイヤー
0540-移動方法-744d7b4c.md	2026-05-08	571	Symphony Kill Chord / **仕様概要** / プレイヤー / 移動方法
0541-攻撃アクション-c5365f24.md	2026-07-28	1587	Symphony Kill Chord / **仕様概要** / プレイヤー / 攻撃アクション
0542-回避アクション-ffac7b74.md	2026-06-15	902	Symphony Kill Chord / **仕様概要** / プレイヤー / 回避アクション
0543-敵-e45510db.md	2026-07-28	2618	Symphony Kill Chord / **仕様概要** / 敵
0544-スポーン時の挙動-e1d40a79.md	2026-06-15	631	Symphony Kill Chord / **仕様概要** / 敵 / スポーン時の挙動
0545-敵の行動アルゴリズム-e324bd7b.md	2026-06-30	1590	Symphony Kill Chord / **仕様概要** / 敵 / 敵の行動アルゴリズム
0546-ボス-b701b98a.md	2026-06-05	564	Symphony Kill Chord / **仕様概要** / 敵 / ボス
0547-ステージルール-443d70a9.md	2026-07-04	877	Symphony Kill Chord / **仕様概要** / ステージルール
0548-ミッション-b3648dd8.md	2026-04-15	1115	Symphony Kill Chord / **仕様概要** / ステージルール / ミッション
0549-マップについて-7848b1bb.md	2026-04-14	1088	Symphony Kill Chord / **仕様概要** / ステージルール / マップについて
0550-フェーズについて-fc3001ab.md	2026-04-21	531	Symphony Kill Chord / **仕様概要** / ステージルール / フェーズについて
0551-体験版仕様-d6751814.md	2026-06-29	557	Symphony Kill Chord / **仕様概要** / 体験版仕様
0552-シーン-0557db9b.md	2026-05-08	995	Symphony Kill Chord / **仕様概要** / シーン
0553-スキル-55d7b005.md	2026-07-28	1757	Symphony Kill Chord / **仕様概要** / スキル
0554-リズム判定-11fc7314.md	2026-06-28	1219	Symphony Kill Chord / **仕様概要** / リズム判定
0555-Just判定について-606f9783.md	2026-07-28	2543	Symphony Kill Chord / **仕様概要** / リズム判定 / Just判定について
0556-インゲームHUD-8463c183.md	2026-04-18	389	Symphony Kill Chord / **仕様概要** / インゲームHUD
0557-戦闘UI-750fd4f0.md	2026-04-25	799	Symphony Kill Chord / **仕様概要** / インゲームHUD / 戦闘UI
0558-リズムUI-d3ae1e4e.md	2026-04-15	1422	Symphony Kill Chord / **仕様概要** / インゲームHUD / リズムUI
0559-カメラワーク-c0a324d5.md	2026-05-29	1190	Symphony Kill Chord / **仕様概要** / カメラワーク
0560-コンボについて-81edd07d.md	2026-04-18	617	Symphony Kill Chord / **仕様概要** / コンボについて
0561-リザルト-8722578b.md	2026-07-25	1121	Symphony Kill Chord / **仕様概要** / リザルト
0562-ステージBGM-2a73cb8a.md	2026-07-27	1335	Symphony Kill Chord / **仕様概要** / ステージBGM
0563-企画概要書-4dd7776f.md	2026-02-20	713	Symphony Kill Chord / **仕様概要** / 企画概要書
0564-企画書 書き出し-f5354a02.md	2025-11-20	1975	Symphony Kill Chord / **仕様概要** / 企画概要書 / 企画書 書き出し
0565-コアメカニクスについて-099e9f9b.md	2026-07-18	2026	Symphony Kill Chord / **仕様概要** / コアメカニクスについて
0566-レベルデザイン方針-8ab8fc0a.md	2026-04-18	682	Symphony Kill Chord / **仕様概要** / レベルデザイン方針
0567-ボス戦闘-2e5f2a2e.md	2026-06-30	208	Symphony Kill Chord / **仕様概要** / ボス戦闘
0568-α版の開発指針-6b530acf.md	2026-05-05	1334	Symphony Kill Chord / **仕様概要** / α版の開発指針
0569-β版開発指針-48bd16ec.md	2026-06-21	5187	Symphony Kill Chord / **仕様概要** / β版開発指針
0570-参考資料：初期構想-38e897ae.md	2026-06-16	370	Symphony Kill Chord / **仕様概要** / β版開発指針 / 参考資料：初期構想
0571-体験版開発指針-aa7fd242.md	2026-07-21	228	Symphony Kill Chord / **仕様概要** / 体験版開発指針
0572-研究モック-6ae6b807.md	2026-04-17	456	Symphony Kill Chord / **仕様概要** / 研究モック
0573-TPSモック-51314747.md	2026-04-17	1585	Symphony Kill Chord / **仕様概要** / 研究モック / TPSモック
0574-キャラクターコントロールモック-1da9fa63.md	2026-04-17	772	Symphony Kill Chord / **仕様概要** / 研究モック / キャラクターコントロールモック
0575-音楽同期戦闘モック-02cf5686.md	2026-07-18	100107	Symphony Kill Chord / **仕様概要** / 研究モック / 音楽同期戦闘モック
0576-ゴア表現の範囲-46d16020.md	2026-04-15	747	Symphony Kill Chord / **仕様概要** / ゴア表現の範囲
0577-ゲームフロー-3ff4255b.md	2026-06-21	568	Symphony Kill Chord / **仕様概要** / ゲームフロー
0578-コンフィグ-7104076d.md	2026-08-04	883	Symphony Kill Chord / **仕様概要** / コンフィグ
0579-判定調整機能-b1f69532.md	2026-08-04	1504	Symphony Kill Chord / **仕様概要** / コンフィグ / 判定調整機能
0580-セーブデータ-482d733b.md	2026-04-17	509	Symphony Kill Chord / **仕様概要** / セーブデータ
0581-チュートリアル-054491f9.md	2026-07-28	1197	Symphony Kill Chord / **仕様概要** / チュートリアル
0582-作戦画面-cde97581.md	2026-06-11	2476	Symphony Kill Chord / **仕様概要** / 作戦画面
0583-改造画面-5cbb7fb2.md	2026-09-04	1438	Symphony Kill Chord / **仕様概要** / 改造画面
0584-研究画面-047f4199.md	2026-08-27	2732	Symphony Kill Chord / **仕様概要** / 研究画面
0585-設定画面-57af8359.md	2026-05-29	486	Symphony Kill Chord / **仕様概要** / 設定画面
0586-アウトゲーム遷移フロー-4ecb3c27.md	2026-06-08	544	Symphony Kill Chord / **仕様概要** / アウトゲーム遷移フロー
0587-タイトル画面-e01e56ad.md	2026-06-15	565	Symphony Kill Chord / **仕様概要** / タイトル画面
0588-ゲーム起動時機能-3af0da1d.md	2026-07-25	215	Symphony Kill Chord / **仕様概要** / ゲーム起動時機能
0589-シナリオパート-f08584dd.md	2026-06-15	1086	Symphony Kill Chord / **仕様概要** / シナリオパート
0590-システム概要-9a3c6761.md	2026-09-07	7039	Symphony Kill Chord / システム概要
0591-コード規定-2b95fbb3.md	2026-07-28	1719	Symphony Kill Chord / システム概要 / コード規定
0592-GitHub 運用規定-f4d76dbc.md	2026-09-09	3639	Symphony Kill Chord / システム概要 / GitHub 運用規定
0593-設計思想-9d962476.md	2026-07-09	5257	Symphony Kill Chord / システム概要 / 設計思想
0594-Application層からView層の多態な処理を実行する方法-52c3c4e1.md	2026-05-01	1464	Symphony Kill Chord / システム概要 / 設計思想 / Application層からView層の多態な処理を実行する方法
0595-GCスパイク対策について-b67b91ee.md	2026-04-11	7282	Symphony Kill Chord / システム概要 / GCスパイク対策について
0596-TBDRにおける最適化-ca05eb94.md	2026-04-11	1271	Symphony Kill Chord / システム概要 / TBDRにおける最適化
0597-最適化関連記事まとめ-93925634.md	2026-04-11	276	Symphony Kill Chord / システム概要 / 最適化関連記事まとめ
0598-UI構築フロー-2ae71f57.md	2026-04-11	1044	Symphony Kill Chord / システム概要 / UI構築フロー
0599-廃案(旧案)-2ad514f2.md	2026-03-15	473	Symphony Kill Chord / システム概要 / UI構築フロー / 廃案(旧案)
0600-UIToolkit概要-2a723dd4.md	2026-04-11	2544	Symphony Kill Chord / システム概要 / UIToolkit概要
0601-SpringBone仕様概要-4c01fbe8.md	2026-04-06	2138	Symphony Kill Chord / システム概要 / SpringBone仕様概要
0602-SpringManager-80f4e978.md	2026-03-11	1513	Symphony Kill Chord / システム概要 / SpringBone仕様概要 / SpringManager
0603-SpringBone-3d7d9e6f.md	2026-03-11	1160	Symphony Kill Chord / システム概要 / SpringBone仕様概要 / SpringBone
0604-SpringBoneWindow-c87051eb.md	2026-03-11	3126	Symphony Kill Chord / システム概要 / SpringBone仕様概要 / SpringBoneWindow
0605-[対処済み]シーン開始時に揺れ物ボーンが暴れる-4c37d971.md	2026-04-06	453	Symphony Kill Chord / システム概要 / SpringBone仕様概要 / [対処済み]シーン開始時に揺れ物ボーンが暴れる
0606-[要確認]揺れ物の先のボーンが暴れる-a8929ea8.md	2026-04-06	357	Symphony Kill Chord / システム概要 / SpringBone仕様概要 / [要確認]揺れ物の先のボーンが暴れる
0607-SpringBoneの設定の引継ぎ-aa9ed496.md	2026-04-05	837	Symphony Kill Chord / システム概要 / SpringBone仕様概要 / SpringBoneの設定の引継ぎ
0608-リアルトゥーンシェーダー-a7f42a76.md	2026-04-05	595	Symphony Kill Chord / システム概要 / リアルトゥーンシェーダー
0609-背面法を利用したアウトラインの作成-45b77969.md	2026-03-11	1672	Symphony Kill Chord / システム概要 / リアルトゥーンシェーダー / 背面法を利用したアウトラインの作成
0610-ハードエッジ問題-cafb660a.md	2026-04-05	2990	Symphony Kill Chord / システム概要 / リアルトゥーンシェーダー / 背面法を利用したアウトラインの作成 / ハードエッジ問題
0611-アウトラインの太さを制御したい-0493263d.md	2026-03-01	209655	Symphony Kill Chord / システム概要 / リアルトゥーンシェーダー / 背面法を利用したアウトラインの作成 / アウトラインの太さを制御したい
0612-アウトラインもカラフルにしたい-ba0986fa.md	2026-03-01	662	Symphony Kill Chord / システム概要 / リアルトゥーンシェーダー / 背面法を利用したアウトラインの作成 / アウトラインもカラフルにしたい
0613-__顔だけアウトライン処理を変えたい(簡略化)__-ad0dd7fb.md	2026-03-17	1025	Symphony Kill Chord / システム概要 / リアルトゥーンシェーダー / 背面法を利用したアウトラインの作成 / **顔だけアウトライン処理を変えたい(簡略化)**
0614-SinfoniaAssetManager-558a73bd.md	2026-04-05	467	Symphony Kill Chord / システム概要 / SinfoniaAssetManager
0615-設計方針-d9844c4c.md	2026-03-26	1485	Symphony Kill Chord / システム概要 / SinfoniaAssetManager / 設計方針
0616-SinfoniaOperator-0e05bf1c.md	2026-09-09	1997	Symphony Kill Chord / システム概要 / SinfoniaOperator
0617-アーキテクチャ-79d59012.md	2026-09-07	2614	Symphony Kill Chord / システム概要 / SinfoniaOperator / アーキテクチャ
0618-日次通知機能-12a3fa72.md	2026-09-07	1842	Symphony Kill Chord / システム概要 / SinfoniaOperator / 日次通知機能
0619-仕様検索Bot-716fedde.md	2026-09-07	3274	Symphony Kill Chord / システム概要 / SinfoniaOperator / 仕様検索Bot
0620-設定・環境変数リファレンス-6adc65f9.md	2026-09-07	2390	Symphony Kill Chord / システム概要 / SinfoniaOperator / 設定・環境変数リファレンス
0621-Oracle Cloudデプロイ手順-ff186a65.md	2026-09-07	4817	Symphony Kill Chord / システム概要 / SinfoniaOperator / Oracle Cloudデプロイ手順
0622-Adaptive Performance Package-c099349b.md	2026-04-05	12930	Symphony Kill Chord / システム概要 / Adaptive Performance Package
0623-Android端末からパフォーマンスデータの収集について-0be24342.md	2026-04-05	2925	Symphony Kill Chord / システム概要 / Android端末からパフォーマンスデータの収集について
0624-音楽同期戦闘モック-459a2b81.md	2026-04-11	777	Symphony Kill Chord / システム概要 / 音楽同期戦闘モック
0625-反省点-1405607a.md	2026-01-20	522	Symphony Kill Chord / システム概要 / 音楽同期戦闘モック / 反省点
0626-基盤システム-e7d219ab.md	2025-11-19	400	Symphony Kill Chord / システム概要 / 音楽同期戦闘モック / 基盤システム
0627-InputBuffer-f5eefe1b.md	2025-11-19	1097	Symphony Kill Chord / システム概要 / 音楽同期戦闘モック / 基盤システム / InputBuffer
0628-InputActionEntity-290526f1.md	2025-11-19	1141	Symphony Kill Chord / システム概要 / 音楽同期戦闘モック / 基盤システム / InputActionEntity
0629-カメラ-9bba42f8.md	2025-11-22	455	Symphony Kill Chord / システム概要 / 音楽同期戦闘モック / カメラ
0630-CameraManager-25c463ff.md	2025-11-21	1081	Symphony Kill Chord / システム概要 / 音楽同期戦闘モック / カメラ / CameraManager
0631-CameraConfigs-82c74b13.md	2025-11-20	295	Symphony Kill Chord / システム概要 / 音楽同期戦闘モック / カメラ / CameraConfigs
0632-ILockOnTargetContainer-a78c1584.md	2025-11-20	290	Symphony Kill Chord / システム概要 / 音楽同期戦闘モック / カメラ / ILockOnTargetContainer
0633-CameraUpdateModeEnum-5a07a6c3.md	2025-11-20	254	Symphony Kill Chord / システム概要 / 音楽同期戦闘モック / カメラ / CameraUpdateModeEnum
0634-UI-ca3e31bb.md	2025-11-30	556	Symphony Kill Chord / システム概要 / 音楽同期戦闘モック / UI
0635-IngameHUDManager-bcf15145.md	2025-11-27	562	Symphony Kill Chord / システム概要 / 音楽同期戦闘モック / UI / IngameHUDManager
0636-EnemyHealthBarEntity-63e1fbb9.md	2025-11-28	406	Symphony Kill Chord / システム概要 / 音楽同期戦闘モック / UI / EnemyHealthBarEntity
0637-PlayerHeatlhBarEntity-27c4e344.md	2025-11-27	426	Symphony Kill Chord / システム概要 / 音楽同期戦闘モック / UI / PlayerHeatlhBarEntity
0638-DamageTextEntity-3e341332.md	2025-11-30	377	Symphony Kill Chord / システム概要 / 音楽同期戦闘モック / UI / DamageTextEntity
0639-DamageTextPool-774991d9.md	2025-11-30	370	Symphony Kill Chord / システム概要 / 音楽同期戦闘モック / UI / DamageTextPool
0640-MusicSyncStaffNotation-5b111e00.md	2025-11-30	415	Symphony Kill Chord / システム概要 / 音楽同期戦闘モック / UI / MusicSyncStaffNotation
0641-音楽同期システム-1481b809.md	2026-05-05	1040	Symphony Kill Chord / システム概要 / 音楽同期戦闘モック / 音楽同期システム
0642-MusicSyncManager-fa31827f.md	2025-11-30	691	Symphony Kill Chord / システム概要 / 音楽同期戦闘モック / 音楽同期システム / MusicSyncManager
0643-CriMusicBuffer-057e916f.md	2025-11-22	795	Symphony Kill Chord / システム概要 / 音楽同期戦闘モック / 音楽同期システム / CriMusicBuffer
0644-CriMusicPlayer-3badfe9f.md	2025-11-22	488	Symphony Kill Chord / システム概要 / 音楽同期戦闘モック / 音楽同期システム / CriMusicPlayer
0645-MusicInputHandler-b759235c.md	2025-12-12	838	Symphony Kill Chord / システム概要 / 音楽同期戦闘モック / 音楽同期システム / MusicInputHandler
0646-MusicActionHandler-76779bdf.md	2025-11-30	788	Symphony Kill Chord / システム概要 / 音楽同期戦闘モック / 音楽同期システム / MusicActionHandler
0647-構造体：小節タイミング-e9cdee43.md	2026-05-05	401	Symphony Kill Chord / システム概要 / 音楽同期戦闘モック / 音楽同期システム / 構造体：小節タイミング
0648-クラス：予約内容-6c7d40e5.md	2025-11-30	452	Symphony Kill Chord / システム概要 / 音楽同期戦闘モック / 音楽同期システム / クラス：予約内容
0649-戦闘システム-386a8b4a.md	2025-11-22	160	Symphony Kill Chord / システム概要 / 音楽同期戦闘モック / 戦闘システム
0650-キャラクター共通-0bfd5506.md	2025-11-22	225	Symphony Kill Chord / システム概要 / 音楽同期戦闘モック / キャラクター共通
0651-HealthEntity-080ddd5f.md	2025-11-27	366	Symphony Kill Chord / システム概要 / 音楽同期戦闘モック / キャラクター共通 / HealthEntity
0652-プレイヤー-7ceb7670.md	2026-01-20	635	Symphony Kill Chord / システム概要 / 音楽同期戦闘モック / プレイヤー
0653-PlayerConfig-550a7991.md	2025-11-19	344	Symphony Kill Chord / システム概要 / 音楽同期戦闘モック / プレイヤー / PlayerConfig
0654-PlayerStatus-c8f997a5.md	2026-01-20	571	Symphony Kill Chord / システム概要 / 音楽同期戦闘モック / プレイヤー / PlayerStatus
0655-PlayerManager-410071ba.md	2025-11-22	1201	Symphony Kill Chord / システム概要 / 音楽同期戦闘モック / プレイヤー / PlayerManager
0656-PlayerMover-1000a54f.md	2025-12-01	926	Symphony Kill Chord / システム概要 / 音楽同期戦闘モック / プレイヤー / PlayerMover
0657-PlayerAttacker-f4a6551c.md	2025-11-26	811	Symphony Kill Chord / システム概要 / 音楽同期戦闘モック / プレイヤー / PlayerAttacker
0658-敵-a495b8d3.md	2025-11-29	623	Symphony Kill Chord / システム概要 / 音楽同期戦闘モック / 敵
0659-EnemyStatus-cb4b22d1.md	2025-11-20	448	Symphony Kill Chord / システム概要 / 音楽同期戦闘モック / 敵 / EnemyStatus
0660-EnemyManager-27c0669c.md	2025-11-22	842	Symphony Kill Chord / システム概要 / 音楽同期戦闘モック / 敵 / EnemyManager
0661-EnemyMover-0b27cc22.md	2025-11-22	570	Symphony Kill Chord / システム概要 / 音楽同期戦闘モック / 敵 / EnemyMover
0662-EnemyContainer-05a499fc.md	2025-11-22	441	Symphony Kill Chord / システム概要 / 音楽同期戦闘モック / 敵 / EnemyContainer
0663-EnemyFactory-173a91bc.md	2025-11-22	492	Symphony Kill Chord / システム概要 / 音楽同期戦闘モック / 敵 / EnemyFactory
0664-EnemyRepository-57405198.md	2025-11-22	340	Symphony Kill Chord / システム概要 / 音楽同期戦闘モック / 敵 / EnemyRepository
0665-EnemyAttack-f9e489d6.md	2025-11-29	197	Symphony Kill Chord / システム概要 / 音楽同期戦闘モック / 敵 / EnemyAttack
0666-Android向けのAddressablesとPAD関連記事集-10230720.md	2026-04-05	2049	Symphony Kill Chord / システム概要 / Android向けのAddressablesとPAD関連記事集
0667-クライアント部門研修-93b7d850.md	2026-04-09	4969	Symphony Kill Chord / システム概要 / クライアント部門研修
0668-デザイナー向け SourceTreeを用いた作業説明-63fc042f.md	2026-04-09	4899	Symphony Kill Chord / システム概要 / デザイナー向け SourceTreeを用いた作業説明
0669-Behavior Graphについて-fe34490f.md	2026-05-04	5289	Symphony Kill Chord / システム概要 / Behavior Graphについて
0670-スキルツリー開発について-7cb45088.md	2026-05-28	1920	Symphony Kill Chord / システム概要 / スキルツリー開発について
0671-音楽同期　2026-05-05-b3bb0e01.md	2026-05-05	5232	Symphony Kill Chord / システム概要 / 音楽同期　2026-05-05
0672-敵関連　2026-05-08-2865cc6c.md	2026-05-08	9518	Symphony Kill Chord / システム概要 / 敵関連　2026-05-08
0673-プレイヤー　2026-05-08-88fe0b05.md	2026-05-13	21406	Symphony Kill Chord / システム概要 / プレイヤー　2026-05-08
0674-カメラ　2026-05-09-7872d24f.md	2026-05-13	10693	Symphony Kill Chord / システム概要 / カメラ　2026-05-09
0675-スキル　2026-05-09-14ecee56.md	2026-05-09	2127	Symphony Kill Chord / システム概要 / スキル　2026-05-09
0676-攻撃パイプライン・キャラクタデータ 2026-05-09-a5de1ba9.md	2026-05-14	18096	Symphony Kill Chord / システム概要 / 攻撃パイプライン・キャラクタデータ 2026-05-09
0677-7月 リファクタリング-8ea6cbf7.md	2026-06-19	263	Symphony Kill Chord / システム概要 / 7月 リファクタリング
0678-計画-55870be4.md	2026-06-19	189	Symphony Kill Chord / システム概要 / 7月 リファクタリング / 計画
0679-7月β大改修リファクタリング-059e07a9.md	2026-07-06	318	Symphony Kill Chord / システム概要 / 7月β大改修リファクタリング
0680-疑問点-b57d29f6.md	2026-07-10	2873	Symphony Kill Chord / システム概要 / 7月β大改修リファクタリング / 疑問点
0681-モジュールドキュメントテンプレ-f74f92cc.md	2026-07-09	2150	Symphony Kill Chord / システム概要 / 7月β大改修リファクタリング / モジュールドキュメントテンプレ
0682-シナリオコマンド使い方-08aabd8c.md	2026-08-04	258	Symphony Kill Chord / システム概要 / シナリオコマンド使い方
0683-ScenarioCommandSpec-a12a0f7e.md	2026-08-04	5130	Symphony Kill Chord / システム概要 / シナリオコマンド使い方 / ScenarioCommandSpec
0684-シナリオCSV～ドライブ同期～-6ce46dec.md	2026-08-07	655	Symphony Kill Chord / システム概要 / シナリオCSV～ドライブ同期～
0685-シーンのチケットシステム-9f4985b9.md	2026-05-28	2195	Symphony Kill Chord / システム概要 / シーンのチケットシステム
0686-セーブシステム-b638f7e8.md	2026-06-29	11781	Symphony Kill Chord / システム概要 / セーブシステム
0687-StageNodeAssetの使い方-24ecff07.md	2026-06-10	1402	Symphony Kill Chord / システム概要 / StageNodeAssetの使い方
0688-Bossシステム-fa5e9db8.md	2026-06-09	5657	Symphony Kill Chord / システム概要 / Bossシステム
0689-設定システム開発-a22f3dc1.md	2026-06-17	8238	Symphony Kill Chord / システム概要 / 設定システム開発
0690-ポーズシステム開発-1901c092.md	2026-06-20	6039	Symphony Kill Chord / システム概要 / ポーズシステム開発
0691-装備BGM切り替えシステム-ece2634e.md	2026-07-02	7166	Symphony Kill Chord / システム概要 / 装備BGM切り替えシステム
0692-セーブデータの暗号化開発-8c424d4b.md	2026-06-29	3677	Symphony Kill Chord / システム概要 / セーブデータの暗号化開発
0693-マスターデータ運用ガイド（プランナー向け）-6c242e70.md	2026-08-24	11206	Symphony Kill Chord / システム概要 / マスターデータ運用ガイド（プランナー向け）
0694-カメラシステムパラメータ-8e622fe3.md	2026-06-10	1048	Symphony Kill Chord / システム概要 / カメラシステムパラメータ
0695-カメラ-42fd9b3b.md	2026-09-09	6228	Symphony Kill Chord / システム概要 / カメラ
0696-① 通常追従・回転フロー（毎フレーム）-a4cc119a.md	2026-08-17	924	Symphony Kill Chord / システム概要 / カメラ / ① 通常追従・回転フロー（毎フレーム）
0697-② ロックオン開始フロー（入力・被弾時）-ee96225f.md	2026-08-17	575	Symphony Kill Chord / システム概要 / カメラ / ② ロックオン開始フロー（入力・被弾時）
0698-③ オートロックオン解除フロー-b8f182c0.md	2026-08-17	439	Symphony Kill Chord / システム概要 / カメラ / ③ オートロックオン解除フロー
0699-キャラ&バトル-b36180fa.md	2026-09-09	8109	Symphony Kill Chord / システム概要 / キャラ&バトル
0700-① プレイヤー攻撃実行フロー（入力イベント時）-8018830c.md	2026-09-09	2529	Symphony Kill Chord / システム概要 / キャラ&バトル / ① プレイヤー攻撃実行フロー（入力イベント時）
0701-② HP 変化とHUDへの反映フロー（ダメージ被弾時）-21ab3c44.md	2026-08-17	867	Symphony Kill Chord / システム概要 / キャラ&バトル / ② HP 変化とHUDへの反映フロー（ダメージ被弾時）
0702-③ 状態効果の適用フロー（攻撃前後）-4f828db6.md	2026-08-17	763	Symphony Kill Chord / システム概要 / キャラ&バトル / ③ 状態効果の適用フロー（攻撃前後）
0703-④ SkillHitSchedulerによる連撃タイミング制御-713c9cc2.md	2026-09-09	1022	Symphony Kill Chord / システム概要 / キャラ&バトル / ④ SkillHitSchedulerによる連撃タイミング制御
0704-敵-b11ffcf7.md	2026-09-09	12552	Symphony Kill Chord / システム概要 / 敵
0705-① AI 移動制御フロー（毎フレーム）-ff3cb46f.md	2026-09-09	1208	Symphony Kill Chord / システム概要 / 敵 / ① AI 移動制御フロー（毎フレーム）
0706-② リズム同期攻撃予約フロー（非同期・イベント駆動）-10f5693b.md	2026-08-17	1035	Symphony Kill Chord / システム概要 / 敵 / ② リズム同期攻撃予約フロー（非同期・イベント駆動）
0707-③ ウェーブスポナー & Wave開始通知フロー（ウェーブクリア／開始時）-910dbb43.md	2026-08-17	1168	Symphony Kill Chord / システム概要 / 敵 / ③ ウェーブスポナー & Wave開始通知フロー（ウェーブクリア／開始時）
0708-④ 攻撃後行動選択フロー（攻撃実行直後）-e6f3e1df.md	2026-09-09	1108	Symphony Kill Chord / システム概要 / 敵 / ④ 攻撃後行動選択フロー（攻撃実行直後）
0709-音楽-c9e8bf63.md	2026-08-24	9603	Symphony Kill Chord / システム概要 / 音楽
0710-① BGM 再生とリズム同期の更新フロー（毎フレーム）-299d6ede.md	2026-08-17	856	Symphony Kill Chord / システム概要 / 音楽 / ① BGM 再生とリズム同期の更新フロー（毎フレーム）
0711-② プレイヤー入力に対するジャスト判定フロー-fd68d791.md	2026-08-17	931	Symphony Kill Chord / システム概要 / 音楽 / ② プレイヤー入力に対するジャスト判定フロー
0712-③ リズムアクション予約フロー（Enemy 等の外部モジュールから）-fa0cbb3f.md	2026-08-17	723	Symphony Kill Chord / システム概要 / 音楽 / ③ リズムアクション予約フロー（Enemy 等の外部モジュールから）
0713-スキル-a7ad8c86.md	2026-08-24	7114	Symphony Kill Chord / システム概要 / スキル
0714-① スキル発動フロー（リズムコマンド入力）-acd3f8d5.md	2026-08-17	974	Symphony Kill Chord / システム概要 / スキル / ① スキル発動フロー（リズムコマンド入力）
0715-② 入力進捗の表示フロー-a5738048.md	2026-08-17	631	Symphony Kill Chord / システム概要 / スキル / ② 入力進捗の表示フロー
0716-プレイヤー-d480c816.md	2026-09-09	7392	Symphony Kill Chord / システム概要 / プレイヤー
0717-① 通常移動フロー（毎フレーム）-848ec481.md	2026-08-17	769	Symphony Kill Chord / システム概要 / プレイヤー / ① 通常移動フロー（毎フレーム）
0718-② 攻撃実行フロー（入力イベント時）-d0770beb.md	2026-08-17	655	Symphony Kill Chord / システム概要 / プレイヤー / ② 攻撃実行フロー（入力イベント時）
0719-ミッション-b87fd375.md	2026-08-24	12794	Symphony Kill Chord / システム概要 / ミッション
0720-① ミッション開始フロー（ステージ読み込み時）-1411dc0a.md	2026-08-17	920	Symphony Kill Chord / システム概要 / ミッション / ① ミッション開始フロー（ステージ読み込み時）
0721-② 敵撃破→クリア判定→保存→リザルト表示フロー-ce0b4a39.md	2026-08-17	1225	Symphony Kill Chord / システム概要 / ミッション / ② 敵撃破→クリア判定→保存→リザルト表示フロー
0722-③ サブミッション進捗のHUD表示フロー（毎フレーム／イベント時）-5d8f3456.md	2026-08-17	987	Symphony Kill Chord / システム概要 / ミッション / ③ サブミッション進捗のHUD表示フロー（毎フレーム／イベント時）
0723-④ 目標シーケンスの進行フロー（ステップ更新時）-4ac7e15a.md	2026-08-17	979	Symphony Kill Chord / システム概要 / ミッション / ④ 目標シーケンスの進行フロー（ステップ更新時）
0724-⑤ 目標ステップ進入時アクションの実行フロー-bb5af6b7.md	2026-08-24	1110	Symphony Kill Chord / システム概要 / ミッション / ⑤ 目標ステップ進入時アクションの実行フロー
0725-⑥ インゲーム中のシナリオ再生フロー-8c1fcc73.md	2026-08-24	1104	Symphony Kill Chord / システム概要 / ミッション / ⑥ インゲーム中のシナリオ再生フロー
0726-リザルト-ea4edfa8.md	2026-09-09	5974	Symphony Kill Chord / システム概要 / リザルト
0727-① クリア → 完了ボタン → OutGame帰還フロー-2351ef21.md	2026-08-17	1026	Symphony Kill Chord / システム概要 / リザルト / ① クリア → 完了ボタン → OutGame帰還フロー
0728-② ゲームオーバー → リトライボタン → InGame再読込フロー-c1e18251.md	2026-08-17	946	Symphony Kill Chord / システム概要 / リザルト / ② ゲームオーバー → リトライボタン → InGame再読込フロー
0729-シークエンス-02cf7b72.md	2026-08-24	6842	Symphony Kill Chord / システム概要 / シークエンス
0730-① ステージ開始演出フロー-598210f2.md	2026-08-17	749	Symphony Kill Chord / システム概要 / シークエンス / ① ステージ開始演出フロー
0731-② クリア→保存→リザルト表示フロー-83c89a04.md	2026-08-17	1118	Symphony Kill Chord / システム概要 / シークエンス / ② クリア→保存→リザルト表示フロー
0732-③ タイトル復帰フロー（ESC長押し）-f8c0ffd6.md	2026-08-17	531	Symphony Kill Chord / システム概要 / シークエンス / ③ タイトル復帰フロー（ESC長押し）
0733-④ 戦闘ポーズフロー（通常ポーズとシナリオポーズ）-5a59771d.md	2026-08-24	1084	Symphony Kill Chord / システム概要 / シークエンス / ④ 戦闘ポーズフロー（通常ポーズとシナリオポーズ）
0734-ターゲットシステム-10602bf6.md	2026-08-17	5418	Symphony Kill Chord / システム概要 / ターゲットシステム
0735-① ターゲット登録フロー（敵出現時）-d88d7cbe.md	2026-08-17	612	Symphony Kill Chord / システム概要 / ターゲットシステム / ① ターゲット登録フロー（敵出現時）
0736-② ターゲット選択フロー（ロックオン入力時）-3edb3cbd.md	2026-08-17	709	Symphony Kill Chord / システム概要 / ターゲットシステム / ② ターゲット選択フロー（ロックオン入力時）
0737-③ 範囲判定フロー（攻撃・範囲スキル）-1abae339.md	2026-08-17	670	Symphony Kill Chord / システム概要 / ターゲットシステム / ③ 範囲判定フロー（攻撃・範囲スキル）
0738-インゲームUI-9580264e.md	2026-08-17	6362	Symphony Kill Chord / システム概要 / インゲームUI
0739-① プレイヤーHPバー更新フロー（被ダメージ時）-d0bf5c1c.md	2026-08-17	643	Symphony Kill Chord / システム概要 / インゲームUI / ① プレイヤーHPバー更新フロー（被ダメージ時）
0740-② ロックオン敵体力表示フロー（毎フレーム）-dae405d0.md	2026-08-17	873	Symphony Kill Chord / システム概要 / インゲームUI / ② ロックオン敵体力表示フロー（毎フレーム）
0741-シーンマネージャー-a4396fa5.md	2026-08-24	5570	Symphony Kill Chord / システム概要 / シーンマネージャー
0742-① シーン追加ロード＋初期化完了待機フロー-0d72ad24.md	2026-08-17	919	Symphony Kill Chord / システム概要 / シーンマネージャー / ① シーン追加ロード＋初期化完了待機フロー
0743-② ロードセッションの成功_失敗通知フロー-dbfa017d.md	2026-08-17	670	Symphony Kill Chord / システム概要 / シーンマネージャー / ② ロードセッションの成功/失敗通知フロー
0744-セーブ-efa25c2c.md	2026-08-24	5423	Symphony Kill Chord / システム概要 / セーブ
0745-① セーブデータ読み込みフロー（初回アクセス時）-d9ab5ae5.md	2026-08-17	839	Symphony Kill Chord / システム概要 / セーブ / ① セーブデータ読み込みフロー（初回アクセス時）
0746-② クリア時の保存フロー-d4fd1ba2.md	2026-08-17	781	Symphony Kill Chord / システム概要 / セーブ / ② クリア時の保存フロー
0747-シナリオシステム-922e049a.md	2026-08-17	6642	Symphony Kill Chord / システム概要 / シナリオシステム
0748-① シナリオ読み込み〜再生フロー-10a93eaa.md	2026-08-17	1168	Symphony Kill Chord / システム概要 / シナリオシステム / ① シナリオ読み込み〜再生フロー
0749-スクリーン-8e326fe5.md	2026-08-24	7556	Symphony Kill Chord / システム概要 / スクリーン
0750-① 画面遷移フロー（ボタン押下→新画面表示）-ab84fd87.md	2026-08-24	1037	Symphony Kill Chord / システム概要 / スクリーン / ① 画面遷移フロー（ボタン押下→新画面表示）
0751-セッティング-d86600ef.md	2026-08-24	5331	Symphony Kill Chord / システム概要 / セッティング
0752-① 音量設定変更フロー-3de6e481.md	2026-08-24	642	Symphony Kill Chord / システム概要 / セッティング / ① 音量設定変更フロー
0753-ステージセレクト-2c5f9d3b.md	2026-08-18	7786	Symphony Kill Chord / システム概要 / ステージセレクト
0754-① 通常バトル出撃フロー（ステージ選択→戦闘準備画面）-24920cc8.md	2026-08-17	1045	Symphony Kill Chord / システム概要 / ステージセレクト / ① 通常バトル出撃フロー（ステージ選択→戦闘準備画面）
0755-② チュートリアル自動出撃フロー（初回起動時）-d126eaeb.md	2026-08-17	895	Symphony Kill Chord / システム概要 / ステージセレクト / ② チュートリアル自動出撃フロー（初回起動時）
0756-タイトル-33f24ecc.md	2026-08-17	4631	Symphony Kill Chord / システム概要 / タイトル
0757-① 通常起動フロー-66e4e5b8.md	2026-08-17	1130	Symphony Kill Chord / システム概要 / タイトル / ① 通常起動フロー
0758-② セーブデータリセットフロー-4aa6f38d.md	2026-08-17	826	Symphony Kill Chord / システム概要 / タイトル / ② セーブデータリセットフロー
0759-ホームページ仕様-65af3b93.md	2026-09-09	516	Symphony Kill Chord / システム概要 / ホームページ仕様
0760-AutoBuilder-e253a290.md	2026-09-09	4509	Symphony Kill Chord / システム概要 / AutoBuilder
0761-Unity Loop MCP (uloop-_)-0511bffe.md	2026-09-09	3192	Symphony Kill Chord / システム概要 / Unity Loop MCP (uloop-*)
0762-EventBus-4b549c00.md	2026-09-09	6971	Symphony Kill Chord / システム概要 / EventBus
0763-① イベント購読の登録タイミング-af5bd265.md	2026-09-09	690	Symphony Kill Chord / システム概要 / EventBus / ① イベント購読の登録タイミング
0764-② イベント発火から複数リスナーへの配信-b874436e.md	2026-09-09	907	Symphony Kill Chord / システム概要 / EventBus / ② イベント発火から複数リスナーへの配信
0765-③ シーンロード時のリスナー解除（プレイセッション開始時）-89197f1c.md	2026-09-09	835	Symphony Kill Chord / システム概要 / EventBus / ③ シーンロード時のリスナー解除（プレイセッション開始時）
0766-Tutorial-9a0059bf.md	2026-09-09	8569	Symphony Kill Chord / システム概要 / Tutorial
0767-① ホーム到達時のホームチュートリアル自動開始フロー（`OutGameTutorialInitializer`, Ord-53a42497.md	2026-09-09	1344	Symphony Kill Chord / システム概要 / Tutorial / ① ホーム到達時のホームチュートリアル自動開始フロー（`OutGameTutorialInitializer`, Order 150）
0768-② StageSelect側の自動出撃フロー（`StageSelectInitializer.Ready()`起点）-edfbaad1.md	2026-09-09	1908	Symphony Kill Chord / システム概要 / Tutorial / ② StageSelect側の自動出撃フロー（`StageSelectInitializer.Ready()`起点）
0769-SourceDataProvider-7a0af707.md	2026-09-09	11208	Symphony Kill Chord / システム概要 / SourceDataProvider
0770-① 新しいマスターデータ種別を登録する手順-999c8519.md	2026-09-09	1059	Symphony Kill Chord / システム概要 / SourceDataProvider / ① 新しいマスターデータ種別を登録する手順
0771-② DataID採番とハッシュ衝突検出-dd5416cf.md	2026-09-09	1140	Symphony Kill Chord / システム概要 / SourceDataProvider / ② DataID採番とハッシュ衝突検出
0772-③ GameDataVariant切替でRelease_Demoのデータを出し分ける仕組み-d552e2d2.md	2026-09-09	1527	Symphony Kill Chord / システム概要 / SourceDataProvider / ③ GameDataVariant切替でRelease/Demoのデータを出し分ける仕組み
0773-Demo-6bac951b.md	2026-09-14	5762	Symphony Kill Chord / システム概要 / Demo
0774-① 起動時のブートストラップ-bdcbd54a.md	2026-09-09	967	Symphony Kill Chord / システム概要 / Demo / ① 起動時のブートストラップ
0775-② ホームタイマー切れ時の強制出撃-1380f193.md	2026-09-09	850	Symphony Kill Chord / システム概要 / Demo / ② ホームタイマー切れ時の強制出撃
0776-③ 体験版終了時のセーブデータ削除-6bdf5184.md	2026-09-09	920	Symphony Kill Chord / システム概要 / Demo / ③ 体験版終了時のセーブデータ削除
0777-戦闘準備-900e0a49.md	2026-08-18	3278	Symphony Kill Chord / システム概要 / 戦闘準備
0778-① 戦闘準備画面の表示フロー-f8ea7404.md	2026-08-18	757	Symphony Kill Chord / システム概要 / 戦闘準備 / ① 戦闘準備画面の表示フロー
0779-初期化ライフサイクル-d028cda1.md	2026-08-18	3951	Symphony Kill Chord / システム概要 / 初期化ライフサイクル
0780-① シーン初期化のフェーズ実行フロー-618042fd.md	2026-08-17	794	Symphony Kill Chord / システム概要 / 初期化ライフサイクル / ① シーン初期化のフェーズ実行フロー
0781-② Order によるモジュール間の依存解決-aecbfd17.md	2026-08-17	792	Symphony Kill Chord / システム概要 / 初期化ライフサイクル / ② Order によるモジュール間の依存解決
0782-コンボ表示-d7d22f10.md	2026-08-17	2336	Symphony Kill Chord / システム概要 / コンボ表示
0783-① コンボ表示の更新フロー-8a04a660.md	2026-08-17	693	Symphony Kill Chord / システム概要 / コンボ表示 / ① コンボ表示の更新フロー
0784-リズムガイド全画面演出-aee87fa3.md	2026-08-24	4405	Symphony Kill Chord / システム概要 / リズムガイド全画面演出
0785-① 攻撃時の全画面演出フロー-bb01f5aa.md	2026-08-24	783	Symphony Kill Chord / システム概要 / リズムガイド全画面演出 / ① 攻撃時の全画面演出フロー
0786-レティクル-0c63704e.md	2026-08-17	3229	Symphony Kill Chord / システム概要 / レティクル
0787-① レティクル表示フロー（毎フレーム）-477cfd3a.md	2026-08-17	875	Symphony Kill Chord / システム概要 / レティクル / ① レティクル表示フロー（毎フレーム）
0788-キャラクターアニメーション-6f074347.md	2026-09-09	5569	Symphony Kill Chord / システム概要 / キャラクターアニメーション
0789-① 移動アニメーションのブレンドフロー（毎フレーム）-ba361f98.md	2026-08-17	732	Symphony Kill Chord / システム概要 / キャラクターアニメーション / ① 移動アニメーションのブレンドフロー（毎フレーム）
0790-② ワンショット再生のフロー（攻撃・被弾時）-3308ad44.md	2026-08-17	753	Symphony Kill Chord / システム概要 / キャラクターアニメーション / ② ワンショット再生のフロー（攻撃・被弾時）
0791-スキル効果-41dc1d4f.md	2026-08-24	9005	Symphony Kill Chord / システム概要 / スキル効果
0792-① 実行器の登録フロー（初期化時）-f61e9249.md	2026-08-17	695	Symphony Kill Chord / システム概要 / スキル効果 / ① 実行器の登録フロー（初期化時）
0793-② 命中時効果の付与フロー（伝染の例）-0be1fab5.md	2026-08-24	714	Symphony Kill Chord / システム概要 / スキル効果 / ② 命中時効果の付与フロー（伝染の例）
0794-出撃-997d603b.md	2026-08-17	4014	Symphony Kill Chord / システム概要 / 出撃
0795-① 出撃の振り分けフロー-7dfd742c.md	2026-08-17	850	Symphony Kill Chord / システム概要 / 出撃 / ① 出撃の振り分けフロー
0796-② シナリオからの復帰フロー-03c8a626.md	2026-08-17	596	Symphony Kill Chord / システム概要 / 出撃 / ② シナリオからの復帰フロー
0797-入力-4e5c09bc.md	2026-08-17	4779	Symphony Kill Chord / システム概要 / 入力
0798-① 入力の通知フロー-506dca3c.md	2026-08-17	650	Symphony Kill Chord / システム概要 / 入力 / ① 入力の通知フロー
0799-② 入力履歴の記録フロー-1dffb628.md	2026-08-17	724	Symphony Kill Chord / システム概要 / 入力 / ② 入力履歴の記録フロー
0800-状態効果（バフ・デバフ）-2318d23b.md	2026-08-17	5523	Symphony Kill Chord / システム概要 / 状態効果（バフ・デバフ）
0801-① ダメージ計算への補正フロー-7ac31798.md	2026-08-17	965	Symphony Kill Chord / システム概要 / 状態効果（バフ・デバフ） / ① ダメージ計算への補正フロー
0802-② 付与と期限切れのフロー-8788c33f.md	2026-08-17	791	Symphony Kill Chord / システム概要 / 状態効果（バフ・デバフ） / ② 付与と期限切れのフロー
0803-スキル編成-47018461.md	2026-08-17	5062	Symphony Kill Chord / システム概要 / スキル編成
0804-① スキル装備フロー（ドラッグ&ドロップ）-e1f3b2ab.md	2026-08-17	708	Symphony Kill Chord / システム概要 / スキル編成 / ① スキル装備フロー（ドラッグ&ドロップ）
0805-② 初期スキルの補完フロー（初回起動・リセット後）-a52bab0d.md	2026-08-17	727	Symphony Kill Chord / システム概要 / スキル編成 / ② 初期スキルの補完フロー（初回起動・リセット後）
0806-ステージ演出-c8e9408b.md	2026-08-17	5303	Symphony Kill Chord / システム概要 / ステージ演出
0807-① Wave開始時のステージ演出フロー-4ec01d81.md	2026-08-17	657	Symphony Kill Chord / システム概要 / ステージ演出 / ① Wave開始時のステージ演出フロー
0808-② Timeline駆動の弾幕フロー-83bf1602.md	2026-08-17	738	Symphony Kill Chord / システム概要 / ステージ演出 / ② Timeline駆動の弾幕フロー
0809-スキルツリー-8d16f3bf.md	2026-08-17	5733	Symphony Kill Chord / システム概要 / スキルツリー
0810-① ノード解放フロー-561c7ea1.md	2026-08-17	750	Symphony Kill Chord / システム概要 / スキルツリー / ① ノード解放フロー
0811-② ステータスボーナスの適用フロー-33617de9.md	2026-08-17	783	Symphony Kill Chord / システム概要 / スキルツリー / ② ステータスボーナスの適用フロー
0812-__用語__-f4d4f679.md	2026-05-04	5771	Symphony Kill Chord / **用語**
0813-敵Wave【要確認】-93c06520.md	2026-07-20	270	Symphony Kill Chord / **用語** / 敵Wave【要確認】
0814-ボス攻撃種別【要確認】-79777f31.md	2026-07-20	302	Symphony Kill Chord / **用語** / ボス攻撃種別【要確認】
0815-画面遷移種別【要確認】-b9277f46.md	2026-07-20	298	Symphony Kill Chord / **用語** / 画面遷移種別【要確認】
0816-スキル実行結果／失敗方針【要確認】-60ed794f.md	2026-07-20	323	Symphony Kill Chord / **用語** / スキル実行結果／失敗方針【要確認】
0817-入力バッファリング【要確認】-026dd658.md	2026-07-20	276	Symphony Kill Chord / **用語** / 入力バッファリング【要確認】
0818-カメラワーク-5167b574.md	2026-07-20	228	Symphony Kill Chord / **用語** / カメラワーク
0819-マップ-002af5e2.md	2026-07-20	211	Symphony Kill Chord / **用語** / マップ
0820-ステージルール-b34c121a.md	2026-07-20	231	Symphony Kill Chord / **用語** / ステージルール
0821-バトルパート-8843e2e4.md	2026-07-20	249	Symphony Kill Chord / **用語** / バトルパート
0822-シナリオパート-8c31866a.md	2026-07-20	268	Symphony Kill Chord / **用語** / シナリオパート
0823-アウトゲーム／インゲーム／グローバル-e16a6123.md	2026-07-20	230	Symphony Kill Chord / **用語** / アウトゲーム／インゲーム／グローバル
0824-ゲームフロー-0b11a12f.md	2026-07-20	226	Symphony Kill Chord / **用語** / ゲームフロー
0825-リザルト-d3be2f13.md	2026-07-20	225	Symphony Kill Chord / **用語** / リザルト
0826-チュートリアル-25b64c24.md	2026-07-20	230	Symphony Kill Chord / **用語** / チュートリアル
0827-セーブデータ-faba1029.md	2026-07-20	235	Symphony Kill Chord / **用語** / セーブデータ
0828-サブマシンガン（8拍子）-e671c651.md	2026-07-20	240	Symphony Kill Chord / **用語** / サブマシンガン（8拍子）
0829-ハンドガン（6拍子）-d028b9c0.md	2026-07-20	216	Symphony Kill Chord / **用語** / ハンドガン（6拍子）
0830-アサルトライフル（4拍子）-78090b98.md	2026-07-20	281	Symphony Kill Chord / **用語** / アサルトライフル（4拍子）
0831-リボルバー（3拍子）-983d6796.md	2026-07-20	226	Symphony Kill Chord / **用語** / リボルバー（3拍子）
0832-レバーアクションライフル／ショットガン（2拍子）-e0958200.md	2026-07-20	261	Symphony Kill Chord / **用語** / レバーアクションライフル／ショットガン（2拍子）
0833-対物ライフル（1拍子）-f72bba92.md	2026-07-20	237	Symphony Kill Chord / **用語** / 対物ライフル（1拍子）
0834-0号-d29ff1d1.md	2026-07-20	220	Symphony Kill Chord / **用語** / 0号
0835-カぺリメイステル-3df685ab.md	2026-07-20	257	Symphony Kill Chord / **用語** / カぺリメイステル
0836-ZeroDivide-111182e6.md	2026-07-20	234	Symphony Kill Chord / **用語** / ZeroDivide
0837-被検体-aebd4504.md	2026-07-20	191	Symphony Kill Chord / **用語** / 被検体
0838-独立歩兵開発計画-e18314d7.md	2026-07-20	278	Symphony Kill Chord / **用語** / 独立歩兵開発計画
0839-人造人間計画-efaed91c.md	2026-07-20	275	Symphony Kill Chord / **用語** / 人造人間計画
0840-ヴォロノフ-3a708678.md	2026-07-20	239	Symphony Kill Chord / **用語** / ヴォロノフ
0841-14号（ボス）-55e9b93d.md	2026-07-20	260	Symphony Kill Chord / **用語** / 14号（ボス）
0842-Prelude（9号）-26843298.md	2026-07-20	218	Symphony Kill Chord / **用語** / Prelude（9号）
0843-Triad（1号）-787fb46a.md	2026-07-20	241	Symphony Kill Chord / **用語** / Triad（1号）
0844-Symphony（13号）-a9f2910e.md	2026-07-20	235	Symphony Kill Chord / **用語** / Symphony（13号）
0845-無敵状態-6b4f8fca.md	2026-07-20	215	Symphony Kill Chord / **用語** / 無敵状態
0846-ダメージ計算式-ab9d4fc5.md	2026-07-20	282	Symphony Kill Chord / **用語** / ダメージ計算式
0847-基礎攻撃力-12e82484.md	2026-07-20	217	Symphony Kill Chord / **用語** / 基礎攻撃力
0848-HP（体力）-f681e186.md	2026-07-20	215	Symphony Kill Chord / **用語** / HP（体力）
0849-体力バー（プレイヤー／敵）-10ca7236.md	2026-07-20	239	Symphony Kill Chord / **用語** / 体力バー（プレイヤー／敵）
0850-クロスヘア-f5eb83b2.md	2026-07-20	217	Symphony Kill Chord / **用語** / クロスヘア
0851-戦闘UI-261cfe49.md	2026-07-20	235	Symphony Kill Chord / **用語** / 戦闘UI
0852-インゲームHUD-bd9cd54b.md	2026-07-20	220	Symphony Kill Chord / **用語** / インゲームHUD
0853-スキルフィルター-ee88c9e3.md	2026-07-20	224	Symphony Kill Chord / **用語** / スキルフィルター
0854-ケテル／コクマー／ビナー／ダート-7accaf79.md	2026-07-20	268	Symphony Kill Chord / **用語** / ケテル／コクマー／ビナー／ダート
0855-スロット拡張-deb7c3cc.md	2026-07-20	235	Symphony Kill Chord / **用語** / スロット拡張
0856-解放ポイント／研究ポイント-77c00e44.md	2026-07-20	250	Symphony Kill Chord / **用語** / 解放ポイント／研究ポイント
0857-パス（スキルツリー）-cedc9b87.md	2026-07-20	218	Symphony Kill Chord / **用語** / パス（スキルツリー）
0858-ノード（スキルツリー）-7203d77c.md	2026-07-20	226	Symphony Kill Chord / **用語** / ノード（スキルツリー）
0859-スキルツリー-22fe0044.md	2026-07-20	219	Symphony Kill Chord / **用語** / スキルツリー
0860-タイトル画面-baf62f58.md	2026-07-20	202	Symphony Kill Chord / **用語** / タイトル画面
0861-設定画面-382aff1c.md	2026-07-20	221	Symphony Kill Chord / **用語** / 設定画面
0862-改造画面-92897474.md	2026-07-20	226	Symphony Kill Chord / **用語** / 改造画面
0863-研究画面-171272e8.md	2026-07-20	223	Symphony Kill Chord / **用語** / 研究画面
0864-作戦画面-765b2f18.md	2026-07-20	227	Symphony Kill Chord / **用語** / 作戦画面
0865-ホーム画面-e2dfd6fb.md	2026-07-20	216	Symphony Kill Chord / **用語** / ホーム画面
0866-インタラクティブミュージック（BGM組み換え）-e7f497a5.md	2026-07-20	265	Symphony Kill Chord / **用語** / インタラクティブミュージック（BGM組み換え）
0867-BPM-8e95046e.md	2026-07-20	209	Symphony Kill Chord / **用語** / BPM
0868-戦場激化率（軽戦闘／中戦闘／重戦闘）-33897655.md	2026-07-20	228	Symphony Kill Chord / **用語** / 戦場激化率（軽戦闘／中戦闘／重戦闘）
0869-ランク評価（S_A_B_C）-bb56305b.md	2026-07-20	240	Symphony Kill Chord / **用語** / ランク評価（S/A/B/C）
0870-フェーズ-08496ec8.md	2026-07-21	242	Symphony Kill Chord / **用語** / フェーズ
0871-回避アクション-7408df35.md	2026-07-21	232	Symphony Kill Chord / **用語** / 回避アクション
0872-マニュアルロックオンシステム-1bb70c0c.md	2026-07-21	253	Symphony Kill Chord / **用語** / マニュアルロックオンシステム
0873-オートロックオンシステム-0063be3a.md	2026-07-21	230	Symphony Kill Chord / **用語** / オートロックオンシステム
0874-ノックバック-6f3700cc.md	2026-07-21	220	Symphony Kill Chord / **用語** / ノックバック
0875-バフ／デバフ-9a4d08f1.md	2026-07-21	249	Symphony Kill Chord / **用語** / バフ／デバフ
0876-クリティカル判定／クリティカル率／クリティカルダメージ-2158148f.md	2026-07-21	306	Symphony Kill Chord / **用語** / クリティカル判定／クリティカル率／クリティカルダメージ
0877-コンボ-84ce8d5d.md	2026-07-21	224	Symphony Kill Chord / **用語** / コンボ
0878-コマンド履歴＆コマンド予測-095a6708.md	2026-07-21	274	Symphony Kill Chord / **用語** / コマンド履歴＆コマンド予測
0879-リズムUI-8ca89cab.md	2026-07-21	240	Symphony Kill Chord / **用語** / リズムUI
0880-Just判定／Justダメージ倍率-9ec9de0e.md	2026-07-20	267	Symphony Kill Chord / **用語** / Just判定／Justダメージ倍率
0881-コマンド（スキル発動条件）-31aae2c6.md	2026-07-20	246	Symphony Kill Chord / **用語** / コマンド（スキル発動条件）
0882-リズム判定-709c60b9.md	2026-07-20	221	Symphony Kill Chord / **用語** / リズム判定
0883-拍子（ノード／ノーツ）-02bf816c.md	2026-07-20	313	Symphony Kill Chord / **用語** / 拍子（ノード／ノーツ）
0884-パラメーター用変数-447e2cee.md	2026-05-04	323	Symphony Kill Chord / **用語** / パラメーター用変数
0885-バトルアクション-e17ce4a2.md	2026-05-04	548	Symphony Kill Chord / **用語** / バトルアクション
0886-サブミッション-2f702192.md	2026-05-04	242	Symphony Kill Chord / **用語** / サブミッション
0887-ステージ-51efb55c.md	2026-05-04	220	Symphony Kill Chord / **用語** / ステージ
0888-メインミッション-328e8431.md	2026-05-04	249	Symphony Kill Chord / **用語** / メインミッション
0889-ミッション-00c8ef3e.md	2026-05-04	192	Symphony Kill Chord / **用語** / ミッション
0890-キルコード-16bf4faa.md	2026-05-04	230	Symphony Kill Chord / **用語** / キルコード
0891-リズムタイムアウト-ba3ae940.md	2026-05-04	246	Symphony Kill Chord / **用語** / リズムタイムアウト
0892-戦闘音楽-cecdb2cd.md	2026-05-04	241	Symphony Kill Chord / **用語** / 戦闘音楽
0893-スキルツリーのノード-09e22518.md	2026-05-14	490	Symphony Kill Chord / スキルツリーのノード
0894-スキル-45b4ed04.md	2026-08-25	3413	Symphony Kill Chord / スキル
0895-０スキル-a4f78cfe.md	2026-08-19	1934	Symphony Kill Chord / スキル / ０スキル
0896-13スキル-0927ff30.md	2026-08-18	2028	Symphony Kill Chord / スキル / 13スキル
0897-1スキル-4e5643af.md	2026-08-25	304	Symphony Kill Chord / スキル / 1スキル
0898-4スキル-bb53d7da.md	2026-08-25	4293	Symphony Kill Chord / スキル / 4スキル
0899-ステージ-00a32705.md	2026-08-09	244	Symphony Kill Chord / ステージ
0900-デザイン-6a9b882e.md	2026-07-27	644	Symphony Kill Chord / デザイン
0901-__トンマナ__-5dba5ecf.md	2026-04-15	1261	Symphony Kill Chord / **トンマナ**
0902-__キャラクタービジュアル__-db82c5d6.md	2026-04-01	454	Symphony Kill Chord / **キャラクタービジュアル**
0903-Symphony-84778b46.md	2026-05-02	4017	Symphony Kill Chord / **キャラクタービジュアル** / Symphony
0904-Prelude-1dad9322.md	2026-04-02	184	Symphony Kill Chord / **キャラクタービジュアル** / Prelude
0905-Triad-f4918a7f.md	2026-04-02	180	Symphony Kill Chord / **キャラクタービジュアル** / Triad
0906-__ヴォロノフ__-e23cb3a0.md	2026-04-02	188	Symphony Kill Chord / **キャラクタービジュアル** / **ヴォロノフ**
0907-__メインシナリオ__-905eb25c.md	2026-04-24	3813	Symphony Kill Chord / **メインシナリオ**
0908-トルーマン・ドクトリン-502f9363.md	2026-04-20	350	Symphony Kill Chord / **メインシナリオ** / トルーマン・ドクトリン
0909-世界指揮者五カ年計画-7add07b3.md	2026-04-20	258	Symphony Kill Chord / **メインシナリオ** / 世界指揮者五カ年計画
0910-第二次世界指揮者五カ年計画-5ce91364.md	2026-04-20	235	Symphony Kill Chord / **メインシナリオ** / 第二次世界指揮者五カ年計画
0911-吸血鬼のミイラを発掘-90f5721c.md	2026-04-20	239	Symphony Kill Chord / **メインシナリオ** / 吸血鬼のミイラを発掘
0912-スプートニク計画-d9503db7.md	2026-04-20	167	Symphony Kill Chord / **メインシナリオ** / スプートニク計画
0913-ミイラのDNA解析-2d49b61c.md	2026-04-20	254	Symphony Kill Chord / **メインシナリオ** / ミイラのDNA解析
0914-キューバ危機-0ceccec3.md	2026-04-20	229	Symphony Kill Chord / **メインシナリオ** / キューバ危機
0915-キューバ危機終息-f1af293f.md	2026-04-20	219	Symphony Kill Chord / **メインシナリオ** / キューバ危機終息
0916-指揮者計画発足-0387a398.md	2026-04-20	244	Symphony Kill Chord / **メインシナリオ** / 指揮者計画発足
0917-超人血清-c1608f42.md	2026-04-20	281	Symphony Kill Chord / **メインシナリオ** / 超人血清
0918-人造人間計画・量産計画発足-e6fbe2c1.md	2026-05-02	262	Symphony Kill Chord / **メインシナリオ** / 人造人間計画・量産計画発足
0919-被検体0号の死-0c3e5da4.md	2026-05-02	295	Symphony Kill Chord / **メインシナリオ** / 被検体0号の死
0920-人造人間計画の縮小-bb194c25.md	2026-04-20	247	Symphony Kill Chord / **メインシナリオ** / 人造人間計画の縮小
0921-研究所蜂起未遂-b18131e7.md	2026-04-20	210	Symphony Kill Chord / **メインシナリオ** / 研究所蜂起未遂
0922-Symphony 脱走-05f65f88.md	2026-04-20	227	Symphony Kill Chord / **メインシナリオ** / Symphony 脱走
0923-孤児院「Armonioso」-da800551.md	2026-06-13	220	Symphony Kill Chord / **メインシナリオ** / 孤児院「Armonioso」
0924-[[ネベリスク近郊テロ事件]] -a7f26af9.md	2026-06-13	208	Symphony Kill Chord / **メインシナリオ** / [[ネベリスク近郊テロ事件]] 
0925-第一次チェチェン紛争-4ba48bb6.md	2026-04-20	171	Symphony Kill Chord / **メインシナリオ** / 第一次チェチェン紛争
0926-研究所捜索-5d48fb70.md	2026-04-20	176	Symphony Kill Chord / **メインシナリオ** / 研究所捜索
0927-__サイドシナリオ__-d2cd0fe0.md	2026-04-07	208	Symphony Kill Chord / **サイドシナリオ**
0928-背景設定-40e08031.md	2026-04-07	420	Symphony Kill Chord / 背景設定
0929-音楽同期戦闘の動機付け-b0289026.md	2026-02-25	309	Symphony Kill Chord / 背景設定 / 音楽同期戦闘の動機付け
0930-人造人間計画-41a28ff5.md	2026-06-13	1635	Symphony Kill Chord / 背景設定 / 人造人間計画
0931-研究所蜂起-e6af35cc.md	2026-06-13	518	Symphony Kill Chord / 背景設定 / 研究所蜂起
0932-ネベリスク近郊テロ事件-99a0b173.md	2026-03-30	681	Symphony Kill Chord / 背景設定 / ネベリスク近郊テロ事件
0933-世界観設定-fbebdbce.md	2026-04-07	698	Symphony Kill Chord / 世界観設定
0934-民間軍事会社 Zero Divide-bcca81c1.md	2026-06-13	1661	Symphony Kill Chord / 世界観設定 / 民間軍事会社 Zero Divide
0935-秘密結社カぺリメイステル-c4204c6f.md	2026-06-13	1154	Symphony Kill Chord / 世界観設定 / 秘密結社カぺリメイステル
0936-孤児院 Armonioso-40aa2165.md	2026-06-13	244	Symphony Kill Chord / 世界観設定 / 孤児院 Armonioso
0937-人造人間研究所-0f888ca5.md	2026-06-13	208	Symphony Kill Chord / 世界観設定 / 人造人間研究所
0938-ソ連国家保安委員会(KGB)-678fdf5a.md	2026-06-13	807	Symphony Kill Chord / 世界観設定 / ソ連国家保安委員会(KGB)
0939-研究所蜂起-babd69cf.md	2026-03-28	537	Symphony Kill Chord / 世界観設定 / ソ連国家保安委員会(KGB) / 研究所蜂起
0940-Zero Divide結成-b3d46e01.md	2026-03-28	419	Symphony Kill Chord / 世界観設定 / ソ連国家保安委員会(KGB) / Zero Divide結成
0941-ZeroDivideのチェチェン紛争参戦-56b1091b.md	2026-03-28	372	Symphony Kill Chord / 世界観設定 / ソ連国家保安委員会(KGB) / ZeroDivideのチェチェン紛争参戦
0942-秘密設計局OKB-713-d1542439.md	2026-03-28	624	Symphony Kill Chord / 世界観設定 / 秘密設計局OKB-713
0943-人造人間計画-184be26d.md	2026-03-28	1652	Symphony Kill Chord / 世界観設定 / 秘密設計局OKB-713 / 人造人間計画
0944-Symphonyシリーズ時系列内容-5775f1ef.md	2026-04-11	2833	Symphony Kill Chord / 世界観設定 / Symphonyシリーズ時系列内容
0945-被検体たちとセフィロトの樹の関係性-7457bd8b.md	2026-05-02	162	Symphony Kill Chord / 世界観設定 / 被検体たちとセフィロトの樹の関係性
0946-__キャラクター設定__-0617f899.md	2026-04-21	1956	Symphony Kill Chord / **キャラクター設定**
0947-被検体13号 Symphony-ec1dc53d.md	2026-06-26	3543	Symphony Kill Chord / **キャラクター設定** / 被検体13号 Symphony
0948-Symphony-73ad0788.md	2026-03-28	2515	Symphony Kill Chord / **キャラクター設定** / 被検体13号 Symphony / Symphony
0949-被検体0号-3dd25caa.md	2026-06-13	1069	Symphony Kill Chord / **キャラクター設定** / 被検体0号
0950-人造人間計画-5d78f935.md	2026-03-28	1652	Symphony Kill Chord / **キャラクター設定** / 被検体0号 / 人造人間計画
0951-被検体1号 Triad-6cf3ccbb.md	2026-06-13	1898	Symphony Kill Chord / **キャラクター設定** / 被検体1号 Triad
0952-被検体2号-c0ff868c.md	2026-06-13	1373	Symphony Kill Chord / **キャラクター設定** / 被検体2号
0953-被検体3号-378d2537.md	2026-06-13	1264	Symphony Kill Chord / **キャラクター設定** / 被検体3号
0954-被検体4号-a6e26864.md	2026-06-13	1039	Symphony Kill Chord / **キャラクター設定** / 被検体4号
0955-被検体5号-ed358d82.md	2026-06-13	1004	Symphony Kill Chord / **キャラクター設定** / 被検体5号
0956-被検体6号-ff86adf2.md	2026-06-13	953	Symphony Kill Chord / **キャラクター設定** / 被検体6号
0957-被検体7号-95ba76ff.md	2026-06-13	837	Symphony Kill Chord / **キャラクター設定** / 被検体7号
0958-被検体8号-cfe92e45.md	2026-06-13	818	Symphony Kill Chord / **キャラクター設定** / 被検体8号
0959-被検体9号 Prelude-e36d4fbd.md	2026-06-13	1333	Symphony Kill Chord / **キャラクター設定** / 被検体9号 Prelude
0960-9号被検体-bddb45bd.md	2026-03-28	323	Symphony Kill Chord / **キャラクター設定** / 被検体9号 Prelude / 9号被検体
0961-被検体10号-8b0d2c30.md	2026-06-13	779	Symphony Kill Chord / **キャラクター設定** / 被検体10号
0962-被検体11号-3d792099.md	2026-06-13	974	Symphony Kill Chord / **キャラクター設定** / 被検体11号
0963-被検体12号-08ea2e79.md	2026-06-13	1062	Symphony Kill Chord / **キャラクター設定** / 被検体12号
0964-__カぺリメイステル研究開発部理事 ヴォロノフ__-2ebb16d0.md	2026-06-13	893	Symphony Kill Chord / **キャラクター設定** / **カぺリメイステル研究開発部理事 ヴォロノフ**
0965-独立歩兵開発計画 0号（人造人間計画 被検体14号）-bef7b468.md	2026-06-17	810	Symphony Kill Chord / **キャラクター設定** / 独立歩兵開発計画 0号（人造人間計画 被検体14号）
0966-__バックグラウンド ミュージック（BGM）__-571a639e.md	2026-04-12	851	Symphony Kill Chord / **バックグラウンド ミュージック（BGM）**
0967-タイトルBGM-7964d920.md	2026-04-12	324	Symphony Kill Chord / **バックグラウンド ミュージック（BGM）** / タイトルBGM
0968-ホーム画面BGM-1fbf9f00.md	2026-04-12	251	Symphony Kill Chord / **バックグラウンド ミュージック（BGM）** / ホーム画面BGM
0969-戦闘音楽-2473dd5c.md	2026-06-14	726	Symphony Kill Chord / **バックグラウンド ミュージック（BGM）** / 戦闘音楽
0970-__サウンドエフェクト（SE）__-9d948a9b.md	2026-04-12	1899	Symphony Kill Chord / **サウンドエフェクト（SE）**
0971-銃声 バレット M82-83f22202.md	2026-04-12	238	Symphony Kill Chord / **サウンドエフェクト（SE）** / 銃声 バレット M82
0972-銃声 ウィンチェスターライフル M1892-40b5b88b.md	2026-04-15	268	Symphony Kill Chord / **サウンドエフェクト（SE）** / 銃声 ウィンチェスターライフル M1892
0973-銃声 デザートイーグル-7228ef63.md	2026-04-12	236	Symphony Kill Chord / **サウンドエフェクト（SE）** / 銃声 デザートイーグル
0974-銃声 AK-74-d893b6a5.md	2026-04-12	230	Symphony Kill Chord / **サウンドエフェクト（SE）** / 銃声 AK-74
0975-銃声 M9-cfb2a29e.md	2026-04-12	224	Symphony Kill Chord / **サウンドエフェクト（SE）** / 銃声 M9
0976-銃声 MP5-1416a25d.md	2026-04-12	225	Symphony Kill Chord / **サウンドエフェクト（SE）** / 銃声 MP5
0977-薬莢が落ちる音-229e75f0.md	2026-04-12	509	Symphony Kill Chord / **サウンドエフェクト（SE）** / 薬莢が落ちる音
0978-爆破音-ec8ef16c.md	2026-04-12	249	Symphony Kill Chord / **サウンドエフェクト（SE）** / 爆破音
0979-足音-13f19c0d.md	2026-04-12	329	Symphony Kill Chord / **サウンドエフェクト（SE）** / 足音
0980-被ダメージ音-24a50ddf.md	2026-04-12	402	Symphony Kill Chord / **サウンドエフェクト（SE）** / 被ダメージ音
0981-攻撃ヒット音-ea8a3f6e.md	2026-04-12	580	Symphony Kill Chord / **サウンドエフェクト（SE）** / 攻撃ヒット音
0982-クリティカルヒット音-080df73e.md	2026-04-12	580	Symphony Kill Chord / **サウンドエフェクト（SE）** / クリティカルヒット音
0983-回避音-3d4867d9.md	2026-04-16	369	Symphony Kill Chord / **サウンドエフェクト（SE）** / 回避音
0984-撃破音-e30895f5.md	2026-04-12	267	Symphony Kill Chord / **サウンドエフェクト（SE）** / 撃破音
0985-スキル発動音-81aaabb1.md	2026-04-13	284	Symphony Kill Chord / **サウンドエフェクト（SE）** / スキル発動音
0986-ゲームオーバー音-22cfd5af.md	2026-04-15	264	Symphony Kill Chord / **サウンドエフェクト（SE）** / ゲームオーバー音
0987-ロックオン時音-b8e62569.md	2026-04-12	208	Symphony Kill Chord / **サウンドエフェクト（SE）** / ロックオン時音
0988-環境音-fb6da3ac.md	2026-04-12	263	Symphony Kill Chord / **サウンドエフェクト（SE）** / 環境音
0989-ゲーム開始音-0a745052.md	2026-04-17	229	Symphony Kill Chord / **サウンドエフェクト（SE）** / ゲーム開始音
0990-ウィンドウ変更音-e89f21d0.md	2026-05-08	297	Symphony Kill Chord / **サウンドエフェクト（SE）** / ウィンドウ変更音
0991-出撃音-842493a7.md	2026-04-12	276	Symphony Kill Chord / **サウンドエフェクト（SE）** / 出撃音
0992-決定ボタン音-08eadd40.md	2026-04-12	203	Symphony Kill Chord / **サウンドエフェクト（SE）** / 決定ボタン音
0993-キャンセルボタン音-a4e303a8.md	2026-04-12	209	Symphony Kill Chord / **サウンドエフェクト（SE）** / キャンセルボタン音
0994-スキルのセット音-a3695c5b.md	2026-04-12	207	Symphony Kill Chord / **サウンドエフェクト（SE）** / スキルのセット音
0995-__キャラクターボイス__-eaeafeab.md	2026-04-04	213	Symphony Kill Chord / **キャラクターボイス**
0996-Symphony 3Dモデル-561fcbf7.md	2026-07-28	257	Symphony Kill Chord / Symphony 3Dモデル
0997-歩兵 3Dモデル-9b7ae7d1.md	2026-07-28	237	Symphony Kill Chord / 歩兵 3Dモデル
0998-14号 3Dモデル-3f832570.md	2026-07-28	242	Symphony Kill Chord / 14号 3Dモデル
0999-大口径ライフル-59d8bfeb.md	2026-08-08	269	Symphony Kill Chord / 大口径ライフル
1000-レバーアクションライフル-9f0f2949.md	2026-08-08	290	Symphony Kill Chord / レバーアクションライフル
1001-アサルトライフル-dddbfe0f.md	2026-08-08	286	Symphony Kill Chord / アサルトライフル
1002-リボルバー-9eee5c7e.md	2026-08-08	260	Symphony Kill Chord / リボルバー
1003-ハンドガン-85c54c62.md	2026-08-08	261	Symphony Kill Chord / ハンドガン
1004-サブマシンガン-3fe36395.md	2026-08-08	270	Symphony Kill Chord / サブマシンガン
1005-ステージ 街中-b70072f3.md	2026-07-29	508	Symphony Kill Chord / ステージ 街中
1006-ステージモデル 建物-deaf7024.md	2026-07-29	283	Symphony Kill Chord / ステージモデル 建物
1007-ステージモデル 瓦礫-e36a8046.md	2026-07-29	273	Symphony Kill Chord / ステージモデル 瓦礫
1008-ステージモデル 軍用トラック-5dd00f35.md	2026-07-29	287	Symphony Kill Chord / ステージモデル 軍用トラック
1009-ステージモデル バス-fdd11ebf.md	2026-07-29	275	Symphony Kill Chord / ステージモデル バス
1010-ステージモデル 一般車-a079e0fe.md	2026-07-29	287	Symphony Kill Chord / ステージモデル 一般車
1011-ステージモデル 破損したバイク-a73849d5.md	2026-07-29	312	Symphony Kill Chord / ステージモデル 破損したバイク
1012-ステージモデル バイク-cda60f2d.md	2026-07-29	295	Symphony Kill Chord / ステージモデル バイク
1013-ステージモデル 戦車-d9b59b1a.md	2026-07-29	260	Symphony Kill Chord / ステージモデル 戦車
1014-ステージモデル ヘリコプター-f0404b84.md	2026-07-29	272	Symphony Kill Chord / ステージモデル ヘリコプター
1015-ステージモデル 有刺鉄線-48a9e129.md	2026-07-29	289	Symphony Kill Chord / ステージモデル 有刺鉄線
1016-ステージモデル タイヤ-8a97c8d3.md	2026-07-29	251	Symphony Kill Chord / ステージモデル タイヤ
1017-ステージモデル　武器箱-88a340bf.md	2026-08-08	288	Symphony Kill Chord / ステージモデル　武器箱
1018-ステージモデル　室外機-a177f3ef.md	2026-08-08	253	Symphony Kill Chord / ステージモデル　室外機
1019-スキル0 アイコン-0a664c88.md	2026-07-29	203	Symphony Kill Chord / スキル0 アイコン
1020-スキル1 アイコン-d7d871a5.md	2026-07-29	203	Symphony Kill Chord / スキル1 アイコン
1021-スキル2 アイコン-39dbc804.md	2026-07-29	203	Symphony Kill Chord / スキル2 アイコン
1022-スキル3 アイコン-7c6e1a6a.md	2026-07-29	203	Symphony Kill Chord / スキル3 アイコン
1023-スキル4 アイコン-2d26b9bd.md	2026-07-29	203	Symphony Kill Chord / スキル4 アイコン
1024-スキル5 アイコン-cfe2a391.md	2026-07-29	203	Symphony Kill Chord / スキル5 アイコン
1025-スキル6 アイコン-4d1f4aa2.md	2026-07-29	203	Symphony Kill Chord / スキル6 アイコン
1026-スキル7 アイコン-6203ee12.md	2026-07-29	203	Symphony Kill Chord / スキル7 アイコン
1027-スキル8 アイコン-d55810bf.md	2026-07-29	203	Symphony Kill Chord / スキル8 アイコン
1028-スキル9 アイコン-2e03e4bf.md	2026-07-29	203	Symphony Kill Chord / スキル9 アイコン
1029-スキル10 アイコン-b38f1c01.md	2026-07-29	206	Symphony Kill Chord / スキル10 アイコン
1030-スキル13 アイコン-4836ef3e.md	2026-07-29	206	Symphony Kill Chord / スキル13 アイコン
1031-Symphony 立ち絵-b2a00b22.md	2026-07-29	274	Symphony Kill Chord / Symphony 立ち絵
1032-Triad 立ち絵-704e13e4.md	2026-07-29	297	Symphony Kill Chord / Triad 立ち絵
1033-Prelude 立ち絵-8825728e.md	2026-07-29	307	Symphony Kill Chord / Prelude 立ち絵
1034-ヴォロノフ 立ち絵-c6d7ebaa.md	2026-07-27	282	Symphony Kill Chord / ヴォロノフ 立ち絵
1035-14号 立ち絵-ad33c238.md	2026-07-29	293	Symphony Kill Chord / 14号 立ち絵
1036-街中 背景画-078e1084.md	2026-07-29	258	Symphony Kill Chord / 街中 背景画
1037-キャンプ 背景画-c790bee8.md	2026-07-29	263	Symphony Kill Chord / キャンプ 背景画
1038-タイトル画-56c62076.md	2026-07-29	278	Symphony Kill Chord / タイトル画
1039-ZeroDivide組織章-4cdc2fcd.md	2026-07-29	292	Symphony Kill Chord / ZeroDivide組織章
1040-カぺリメイステル組織章-7d27b612.md	2026-08-05	282	Symphony Kill Chord / カぺリメイステル組織章
1041-ストアページ向けバナー-42fa131e.md	2026-07-29	266	Symphony Kill Chord / ストアページ向けバナー
1042-アプリアイコン-0ee5fb4c.md	2026-07-29	218	Symphony Kill Chord / アプリアイコン
1043-タイトルロゴ-1608f4ee.md	2026-07-29	282	Symphony Kill Chord / タイトルロゴ
1044-移動砂埃エフェクト-13240e47.md	2026-07-29	339	Symphony Kill Chord / 移動砂埃エフェクト
1045-被弾エフェクト-1e6a4f3f.md	2026-07-29	331	Symphony Kill Chord / 被弾エフェクト
1046-Hitエフェクト-cf472b0a.md	2026-07-29	332	Symphony Kill Chord / Hitエフェクト
1047-発砲炎エフェクト-07978a2c.md	2026-07-29	297	Symphony Kill Chord / 発砲炎エフェクト
1048-スキル発動エフェクト-5417b65e.md	2026-08-01	267	Symphony Kill Chord / スキル発動エフェクト
1049-撃破エフェクト-18fb2c91.md	2026-07-29	302	Symphony Kill Chord / 撃破エフェクト
1050-建築物 炎-9baff9a6.md	2026-07-29	290	Symphony Kill Chord / 建築物 炎
1051-プレイヤー 攻撃モーション 右手-8c9d97e5.md	2026-07-29	303	Symphony Kill Chord / プレイヤー 攻撃モーション 右手
1052-プレイヤー 攻撃モーション 左手-0226c6eb.md	2026-07-29	303	Symphony Kill Chord / プレイヤー 攻撃モーション 左手
1053-プレイヤー 移動モーション-b0185ea8.md	2026-07-29	320	Symphony Kill Chord / プレイヤー 移動モーション
1054-プレイヤー 待機モーション(戦闘)-eabf9f7d.md	2026-07-29	320	Symphony Kill Chord / プレイヤー 待機モーション(戦闘)
1055-プレイヤー 待機モーション(ホーム) -bda09bc0.md	2026-07-29	326	Symphony Kill Chord / プレイヤー 待機モーション(ホーム) 
1056-プレイヤー 回避モーション-517a18c2.md	2026-07-29	322	Symphony Kill Chord / プレイヤー 回避モーション
1057-プレイヤー スキルモーション(拳銃)-7534a46c.md	2026-08-05	313	Symphony Kill Chord / プレイヤー スキルモーション(拳銃)
1058-プレイヤー スキルモーション(ライフル)-9a883e3c.md	2026-08-05	317	Symphony Kill Chord / プレイヤー スキルモーション(ライフル)
1059-敵 移動モーション-d080be90.md	2026-07-29	202	Symphony Kill Chord / 敵 移動モーション
1060-敵 攻撃モーション-61d49337.md	2026-07-29	204	Symphony Kill Chord / 敵 攻撃モーション
1061-敵 待機モーション-e9aef670.md	2026-07-29	202	Symphony Kill Chord / 敵 待機モーション
1062-クロスヘアUI-c576d484.md	2026-07-29	262	Symphony Kill Chord / クロスヘアUI
1063-ミッションウィンドウUI-c52103d8.md	2026-07-29	364	Symphony Kill Chord / ミッションウィンドウUI
1064-プレイヤー 体力バー-ebd7c209.md	2026-07-29	293	Symphony Kill Chord / プレイヤー 体力バー
1065-敵 体力バー-a8c0ca72.md	2026-07-29	283	Symphony Kill Chord / 敵 体力バー
1066-コンボ UI-0d888958.md	2026-07-29	333	Symphony Kill Chord / コンボ UI
1067-バフUI-797580ab.md	2026-07-29	616	Symphony Kill Chord / バフUI
1068-コマンドUI-750c0778.md	2026-07-29	691	Symphony Kill Chord / コマンドUI
1069-シナリオ 機能一覧UI-53725ff7.md	2026-07-29	273	Symphony Kill Chord / シナリオ 機能一覧UI
1070-シナリオ 設定ボタンUI-0362e0cc.md	2026-07-29	287	Symphony Kill Chord / シナリオ 設定ボタンUI
1071-シナリオ UI非表示ボタンUI-130fc859.md	2026-07-29	277	Symphony Kill Chord / シナリオ UI非表示ボタンUI
1072-ログ表示ボタンUI-43103c6f.md	2026-07-29	318	Symphony Kill Chord / ログ表示ボタンUI
1073-シナリオ オートボタンUI-3beac21f.md	2026-07-29	291	Symphony Kill Chord / シナリオ オートボタンUI
1074-シナリオ テキストボックスUI-78fdaf1d.md	2026-07-29	303	Symphony Kill Chord / シナリオ テキストボックスUI
1075-シナリオ 早送りボタンUI-3e36ffa7.md	2026-07-29	282	Symphony Kill Chord / シナリオ 早送りボタンUI
1076-設定ボタンUI-6df0e0b9.md	2026-07-29	307	Symphony Kill Chord / 設定ボタンUI
1077-ボタンフレームUI-4a0a5ca9.md	2026-07-29	305	Symphony Kill Chord / ボタンフレームUI
1078-選択フレームUI-c6afd9f8.md	2026-07-29	417	Symphony Kill Chord / 選択フレームUI